{
    "template": "CarouselItem",
    "content": [
        {
            "template": "Block",
            "class": "pointer new-tab require-authentication",
            "url": "/msports",
            "content": [
                {
                    "template": "Picture",
                    "content": [
                        {
                            "template": "Source",
                            "media": "(max-width: 767.5px)",
                            "srcSet": "/~/static/images/sportsbook/banners/mobile_tottenham-vs-sevilla_EN.jpg 375w",
                            "sizes": "100vw"
                        },
                        {
                            "template": "Image",
                            "path": "/~/static/images/sportsbook/banners/tottenham-vs-sevilla_EN.jpg",
                            "srcSet": "/~/static/images/sportsbook/banners/tottenham-vs-sevilla_EN.jpg 1360w",
                            "sizes": "(max-width: 1360px) 100vw, 1360px"
                        }
                    ]
                },
                {
                    "template": "Element",
                    "type": "div",
                    "class": "carousel-item-content",
                    "content": [
                        {
                            "template": "Text",
                            "text": "KOREA TOUR CONTINUES! <br> BET ON THIS <br> BREATH-TAKING MATCH",
                            "class": "big bold from-tablet-up"
                        },
                        {
                            "template": "Text",
                            "text": "16 JULY 2022 @ 19:00 (GMT+8)",
                            "class": "from-tablet-up"
                        },
                        {
                            "template": "Text",
                            "text": "TOUR CONTINUES <br> BET ON THIS NOW",
                            "class": "big bold up-to-tablet"
                        },
                        {
                            "template": "Text",
                            "text": "16 JULY 2022 @ 19:00 (GMT+8)",
                            "class": "up-to-tablet"
                        },
                        {
                            "template": "ButtonTheme",
                            "class": "button button-primary track-events new-tab require-authentication",
                            "url": "/msports",
                            "text": "PLAY NOW",
                            "trackingName": "Click - Play Now - INTRO TOTTENHAM VS SEVILLA - EN-CN"
                        }
                    ]
                }
            ]
        }
    ]
}