{
    "template": "CarouselItem",
    "content": [
        {
            "template": "Block",
            "class": "pointer",
            "url": "/register",
            "content": [
                {
                    "template": "Picture",
                    "content": [
                        {
                            "template": "Source",
                            "media": "(max-width: 767.5px)",
                            "srcSet": "/~/static/images/sportsbook/banners/mobile_barcelonavsrealmadrid_CN.jpg 375w",
                            "sizes": "100vw"
                        },
                        {
                            "template": "Image",
                            "path": "/~/static/images/sportsbook/banners/barcelonavsrealmadrid_CN.jpg",
                            "srcSet": "/~/static/images/sportsbook/banners/barcelonavsrealmadrid_CN.jpg 1360w",
                            "sizes": "(max-width: 1360px) 100vw, 1360px"
                        }
                    ]
                },
                {
                    "template": "Element",
                    "type": "div",
                    "class": "carousel-item-content",
                    "content": [
                        {
                            "template": "Image",
                            "class": "carousel-icon",
                            "path": "/~/static/images/badge/laliga.svg"
                        },
                        {
                            "template": "Text",
                            "text": "世界俱乐部友谊赛 <br> 本周超热门赛事 <br> 立即支持您喜爱球队",
                            "class": "big bold from-tablet-up"
                        },
                        {
                            "template": "Text",
                            "text": "2022年7月24日下午11:00(GMT+8)",
                            "class": "from-tablet-up"
                        },
                        {
                            "template": "Text",
                            "text": "世界俱乐部友谊赛 <br> 支持您喜爱的球队",
                            "class": "big bold up-to-tablet"
                        },
                        {
                            "template": "Text",
                            "text": "2022年7月24日下午11:00",
                            "class": "up-to-tablet"
                        },
                        {
                            "template": "ButtonTheme",
                            "class": "button button-primary track-events",
                            "url": "/register",
                            "text": "立即加入",
                            "trackingName": "Click - Join Now - INTRO BARCELONA VS REAL MADRID - CN"
                        }
                    ]
                }
            ]
        }
    ]
}