{
    "template": "PromotionTile",
    "class": "promotion pointer",
    "name": "3141 - Baccarat VIP Tournament",
    "url": "/promotions?id=3141",
    "id": "3141",
    "content": [
        {
            "template": "Image",
            "class": "from-tablet-up",
            "path": "/~/static/images/promotions-revamp/static-promotions/3141.jpg"
        },
        {
            "template": "Image",
            "class": "up-to-tablet",
            "path": "/~/static/images/promotions-revamp/static-promotions/3141_mobile.jpg"
        },
        {
            "template": "Block",
            "class": "promotion-time-left",
            "content": [
                {
                    "template": "Image",
                    "path": "/~/static/images/promotions-revamp/icon-timer.svg",
                    "alt": "TIMER"
                },
                {
                    "template": "Text",
                    "class": "promotion-days-left text xxs xs-tablet ml-4",
                    "text": ""
                }
            ]
        },
        {
            "template": "InfoBox",
            "content": [
                {
                    "template": "Block",
                    "class": "ribbons",
                    "content": [
                        {
                            "template": "Text",
                            "class": "ribbon live-casino",
                            "Text": "Live Kasino"
                        }
                    ]
                },
                {
                    "template": "Text",
                    "class": "promo-text",
                    "Text": "VIP BACCARAT <br> TURNAMEN"
                },
                {
                    "template": "Text",
                    "class": "promo-subtext",
                    "Text": "BONUS HARIAN IDR 28,000"
                },
                {
                    "template": "Block",
                    "class": "cta-wrapper",
                    "content": [
                        {
                            "template": "OptInButton",
                            "class": "button button-primary claim lg",
                            "id": "3141",
                            "text": "OPT-IN"
                        },
                        {
                            "template": "Link",
                            "class": "more-info button lg button-secondary-dark",
                            "text": "INFO LANJUT"
                        }
                    ]
                }
            ]
        },
        {
            "template": "Block",
            "class": "details",
            "content": [
                {
                    "template": "Block",
                    "class": "promotion-action-block",
                    "content": [
                        {
                            "template": "Image",
                            "class": "border-radius-8",
                            "path": "/~/static/images/promotions-revamp/static-promotions/3141.jpg"
                        },
                        {
                            "template": "Block",
                            "class": "short-info mr-8",
                            "content": [
                                {
                                    "template": "Element",
                                    "class": "promotion-tags-container d-flex flex-row mb-8",
                                    "content": [
                                        {
                                            "template": "Text",
                                            "class": "ribbon live-casino",
                                            "Text": "Live Kasino"
                                        }
                                    ]
                                },
                                {
                                    "template": "Text",
                                    "class": "h6 h5-tablet uppercase title",
                                    "Text": "VIP BACCARAT TURNAMEN"
                                },
                                {
                                    "template": "Text",
                                    "class": "text xs sm-tablet subtitle",
                                    "Text": "BONUS HARIAN IDR 28,000"
                                }
                            ]
                        },
                        {
                            "template": "Element",
                            "class": "d-flex flex-row p-16 background-color-primary-2 space-between align-items-center tile-details-bottom-area",
                            "content": [
                                {
                                    "template": "Text",
                                    "class": "h7 text md-tablet uppercase color-other-1",
                                    "Text": "Kontribusi rollover"
                                },
                                {
                                    "template": "Link",
                                    "url": "/~/static/standalone-pages/promotions/gameexclusion_list.id-ID",
                                    "class": "align-items-center pointer new-window d-flex",
                                    "elementType": "div",
                                    "content": [
                                        {
                                            "template": "Text",
                                            "class": "text xs sm-tablet uppercase color-other-1",
                                            "Text": "Lihat daftar permainan"
                                        },
                                        {
                                            "template": "Mask",
                                            "size": 12,
                                            "class": "mask background-color-secondary-3 ml-4",
                                            "path": "/~/static/images/icons/icon-arrow-right.svg"
                                        }
                                    ]
                                }
                            ]
                        }
                    ]
                },
                {
                    "template": "HTML",
                    "class": "promotion-html-block",
                    "FilePath": "/promotions-revamp/promotions-data/3141/content-idr/Details"
                }
            ]
        },
        {
            "template": "Element",
            "class": "promotion-footer d-flex full-width",
            "content": [
                {
                    "template": "OptInButton",
                    "class": "button button-primary claim lg",
                    "id": "3141",
                    "text": "OPT-IN"
                },
                {
                    "template": "Block",
                    "class": "error",
                    "id": "3141"
                },
                {
                    "template": "Block",
                    "class": "success",
                    "content": [
                        {
                            "template": "Block",
                            "class": "opt-out justify-flex-end",
                            "content": [
                                {
                                    "template": "ButtonTheme",
                                    "theme": "secondary-light",
                                    "class": "sm lg-tablet",
                                    "text": "Riwayat Bonus Saya",
                                    "URL": "/loyalty/bonus"
                                },
                                {
                                    "template": "ButtonTheme",
                                    "theme": "primary",
                                    "class": "promotion-opt-out sm lg-tablet",
                                    "text": "Opt out"
                                }
                            ]
                        }
                    ]
                }
            ]
        }
    ]
}