{
    "template": "PromotionTile",
    "class": "promotion pointer",
    "name": "3141 - Baccarat VIP Tournament",
    "url": "/promotions?id=3141",
    "id": "3141",
    "content": [
        {
            "template": "Conditional",
            "allowAuthenticated": true,
            "allowAnonymous": true,
            "playerCurrencies": [
                "CNY","IDR","THB","VND","KRW","USD","INR"
            ],
            "Currencies": [
                "CNY"
            ],
            "content": [
                {
                    "template": "Image",
                    "class": "from-tablet-up",
                    "path": "/~/static/images/promotions-revamp/static-promotions/3141.jpg"
                },
                {
                    "template": "Image",
                    "class": "up-to-tablet",
                    "path": "/~/static/images/promotions-revamp/static-promotions/3141_mobile.jpg"
                },
                {
                    "template": "Block",
                    "class": "promotion-time-left",
                    "content": [
                        {
                            "template": "Image",
                            "path": "/~/static/images/promotions-revamp/icon-timer.svg",
                            "alt": "TIMER"
                        },
                        {
                            "template": "Text",
                            "class": "promotion-days-left text xxs xs-tablet ml-4",
                            "text": ""
                        }
                    ]
                },
                {
                    "template": "InfoBox",
                    "content": [
                        {
                            "template": "Block",
                            "class": "ribbons",
                            "content": [
                                {
                                    "template": "Text",
                                    "class": "ribbon live-casino",
                                    "Text": "真人娱乐城"
                                }
                            ]
                        },
                        {
                            "template": "Text",
                            "class": "promo-text",
                            "Text": "VIP百家乐锦标赛"
                        },
                        {
                            "template": "Text",
                            "class": "promo-subtext",
                            "Text": "奖金高达14,000元"
                        },
                        {
                            "template": "Block",
                            "class": "cta-wrapper",
                            "content": [
                                {
                                    "template": "OptInButton",
                                    "class": "button button-primary claim lg",
                                    "id": "3141",
                                    "text": "选择参加"
                                },
                                {
                                    "template": "Link",
                                    "class": "more-info button lg button-secondary-dark",
                                    "text": "更多信息"
                                }
                            ]
                        }
                    ]
                },
                {
                    "template": "Block",
                    "class": "details",
                    "content": [
                        {
                            "template": "Block",
                            "class": "promotion-action-block",
                            "content": [
                                {
                                    "template": "Image",
                                    "class": "border-radius-8",
                                    "path": "/~/static/images/promotions-revamp/static-promotions/3141.jpg"
                                },
                                {
                                    "template": "Block",
                                    "class": "short-info mr-8",
                                    "content": [
                                        {
                                            "template": "Element",
                                            "class": "promotion-tags-container d-flex flex-row mb-8",
                                            "content": [
                                                {
                                                    "template": "Text",
                                                    "class": "ribbon live-casino",
                                                    "Text": "真人娱乐城"
                                                }
                                            ]
                                        },
                                        {
                                            "template": "Text",
                                            "class": "h6 h5-tablet uppercase title",
                                            "Text": "VIP百家乐锦标赛"
                                        },
                                        {
                                            "template": "Text",
                                            "class": "text xs sm-tablet subtitle",
                                            "Text": "奖金高达14,000元"
                                        }
                                    ]
                                },
                                {
                                    "template": "Element",
                                    "class": "d-flex flex-row p-16 background-color-primary-2 space-between align-items-center tile-details-bottom-area",
                                    "content": [
                                        {
                                            "template": "Text",
                                            "class": "h7 text md-tablet uppercase color-other-1",
                                            "Text": "流水比例"
                                        },
                                        {
                                            "template": "Link",
                                            "url": "/~/static/standalone-pages/promotions/gameexclusion_list.zh-CN",
                                            "class": "align-items-center pointer new-window d-flex",
                                            "elementType": "div",
                                            "content": [
                                                {
                                                    "template": "Text",
                                                    "class": "text xs sm-tablet uppercase color-other-1",
                                                    "Text": "查看游戏列表"
                                                },
                                                {
                                                    "template": "Mask",
                                                    "size": 12,
                                                    "class": "mask background-color-secondary-3 ml-4",
                                                    "path": "/~/static/images/icons/icon-arrow-right.svg"
                                                }
                                            ]
                                        }
                                    ]
                                }
                            ]
                        },
                        {
                            "template": "HTML",
                            "class": "promotion-html-block",
                            "FilePath": "/promotions-revamp/promotions-data/3141/content-cny/Details"
                        }
                    ]
                },
                {
                    "template": "Element",
                    "class": "promotion-footer d-flex full-width",
                    "content": [
                        {
                            "template": "OptInButton",
                            "class": "button button-primary claim lg",
                            "id": "3141",
                            "text": "选择参加"
                        },
                        {
                            "template": "Block",
                            "class": "error",
                            "id": "3141"
                        },
                        {
                            "template": "Block",
                            "class": "success",
                            "content": [
                                {
                                    "template": "Block",
                                    "class": "opt-out justify-flex-end",
                                    "content": [
                                        {
                                            "template": "ButtonTheme",
                                            "theme": "secondary-light",
                                            "class": "sm lg-tablet",
                                            "text": "我的奖金历史",
                                            "URL": "/loyalty/bonus"
                                        },
                                        {
                                            "template": "ButtonTheme",
                                            "theme": "primary",
                                            "class": "promotion-opt-out sm lg-tablet",
                                            "text": "选择退出"
                                        }
                                    ]
                                }
                            ]
                        }
                    ]
                }
            ]
        },
        {
            "template": "Conditional",
            "allowAuthenticated": true,
            "allowAnonymous": true,
            "playerCurrencies": [
                "MYR"
            ],
            "Currencies": [
                "MYR"
            ],
            "content": [
                {
                    "template": "Image",
                    "class": "from-tablet-up",
                    "path": "/~/static/images/promotions-revamp/static-promotions/3141.jpg"
                },
                {
                    "template": "Image",
                    "class": "up-to-tablet",
                    "path": "/~/static/images/promotions-revamp/static-promotions/3141_mobile.jpg"
                },
                {
                    "template": "Block",
                    "class": "promotion-time-left",
                    "content": [
                        {
                            "template": "Image",
                            "path": "/~/static/images/promotions-revamp/icon-timer.svg",
                            "alt": "TIMER"
                        },
                        {
                            "template": "Text",
                            "class": "promotion-days-left text xxs xs-tablet ml-4",
                            "text": ""
                        }
                    ]
                },
                {
                    "template": "InfoBox",
                    "content": [
                        {
                            "template": "Block",
                            "class": "ribbons",
                            "content": [
                                {
                                    "template": "Text",
                                    "class": "ribbon live-casino",
                                    "Text": "真人娱乐城"
                                }
                            ]
                        },
                        {
                            "template": "Text",
                            "class": "promo-text",
                            "Text": "VIP 百家乐锦标赛"
                        },
                        {
                            "template": "Text",
                            "class": "promo-subtext",
                            "Text": "奖金高达8,000马币"
                        },
                        {
                            "template": "Block",
                            "class": "cta-wrapper",
                            "content": [
                                {
                                    "template": "OptInButton",
                                    "class": "button button-primary claim lg",
                                    "id": "3141",
                                    "text": "选择参加"
                                },
                                {
                                    "template": "Link",
                                    "class": "more-info button lg button-secondary-dark",
                                    "text": "更多信息"
                                }
                            ]
                        }
                    ]
                },
                {
                    "template": "Block",
                    "class": "details",
                    "content": [
                        {
                            "template": "Block",
                            "class": "promotion-action-block",
                            "content": [
                                {
                                    "template": "Image",
                                    "class": "border-radius-8",
                                    "path": "/~/static/images/promotions-revamp/static-promotions/3141.jpg"
                                },
                                {
                                    "template": "Block",
                                    "class": "short-info mr-8",
                                    "content": [
                                        {
                                            "template": "Element",
                                            "class": "promotion-tags-container d-flex flex-row mb-8",
                                            "content": [
                                                {
                                                    "template": "Text",
                                                    "class": "ribbon live-casino",
                                                    "Text": "真人娱乐城"
                                                }
                                            ]
                                        },
                                        {
                                            "template": "Text",
                                            "class": "h6 h5-tablet uppercase title",
                                            "Text": "VIP 百家乐锦标赛"
                                        },
                                        {
                                            "template": "Text",
                                            "class": "text xs sm-tablet subtitle",
                                            "Text": "奖金高达8,000马币"
                                        }
                                    ]
                                },
                                {
                                    "template": "Element",
                                    "class": "d-flex flex-row p-16 background-color-primary-2 space-between align-items-center tile-details-bottom-area",
                                    "content": [
                                        {
                                            "template": "Text",
                                            "class": "h7 text md-tablet uppercase color-other-1",
                                            "Text": "流水比例"
                                        },
                                        {
                                            "template": "Link",
                                            "url": "/~/static/standalone-pages/promotions/gameexclusion_list.zh-CN",
                                            "class": "align-items-center pointer new-window d-flex",
                                            "elementType": "div",
                                            "content": [
                                                {
                                                    "template": "Text",
                                                    "class": "text xs sm-tablet uppercase color-other-1",
                                                    "Text": "查看游戏列表"
                                                },
                                                {
                                                    "template": "Mask",
                                                    "size": 12,
                                                    "class": "mask background-color-secondary-3 ml-4",
                                                    "path": "/~/static/images/icons/icon-arrow-right.svg"
                                                }
                                            ]
                                        }
                                    ]
                                }
                            ]
                        },
                        {
                            "template": "HTML",
                            "class": "promotion-html-block",
                            "FilePath": "/promotions-revamp/promotions-data/3141/content-myr/Details"
                        }
                    ]
                },
                {
                    "template": "Element",
                    "class": "promotion-footer d-flex full-width",
                    "content": [
                        {
                            "template": "OptInButton",
                            "class": "button button-primary claim lg",
                            "id": "3141",
                            "text": "选择参加"
                        },
                        {
                            "template": "Block",
                            "class": "error",
                            "id": "3141"
                        },
                        {
                            "template": "Block",
                            "class": "success",
                            "content": [
                                {
                                    "template": "Block",
                                    "class": "opt-out justify-flex-end",
                                    "content": [
                                        {
                                            "template": "ButtonTheme",
                                            "theme": "secondary-light",
                                            "class": "sm lg-tablet",
                                            "text": "我的奖金历史",
                                            "URL": "/loyalty/bonus"
                                        },
                                        {
                                            "template": "ButtonTheme",
                                            "theme": "primary",
                                            "class": "promotion-opt-out sm lg-tablet",
                                            "text": "选择退出"
                                        }
                                    ]
                                }
                            ]
                        }
                    ]
                }
            ]
        }
    ]
}
