{
    "template": "CarouselItem",
    "content": [
        {
            "template": "Block",
            "class": "pointer new-tab require-authentication",
            "url": "/msports",
            "content": [
                {
                    "template": "Picture",
                    "content": [
                        {
                            "template": "Source",
                            "media": "(max-width: 767.5px)",
                            "srcSet": "/~/static/images/sportsbook/banners/mobile_f1-lenovo-grand-prix-de-france-2022_EN.jpg 375w",
                            "sizes": "100vw"
                        },
                        {
                            "template": "Image",
                            "path": "/~/static/images/sportsbook/banners/f1-lenovo-grand-prix-de-france-2022_EN.jpg",
                            "srcSet": "/~/static/images/sportsbook/banners/f1-lenovo-grand-prix-de-france-2022_EN.jpg 1360w",
                            "sizes": "(max-width: 1360px) 100vw, 1360px"
                        }
                    ]
                },
                {
                    "template": "Element",
                    "type": "div",
                    "class": "carousel-item-content",
                    "content": [
                        {
                            "template": "Image",
                            "class": "carousel-icon",
                            "path": "/~/static/images/badge/f1-lenovo-grand-prix-de-france-2022.svg"
                        },
                        {
                            "template": "Text",
                            "text": "SUPPORT YOUR FAVORITES <br> IN F1 FRANCE GP",
                            "class": "big bold from-tablet-up"
                        },
                        {
                            "template": "Text",
                            "text": "22-24 JULY 2022",
                            "class": "from-tablet-up"
                        },
                        {
                            "template": "Text",
                            "text": "SUPPORT YOUR <br> F1 FAVORITES",
                            "class": "big bold up-to-tablet"
                        },
                        {
                            "template": "Text",
                            "text": "22-24 JULY 2022",
                            "class": "up-to-tablet"
                        },
                        {
                            "template": "ButtonTheme",
                            "class": "button button-primary track-events new-tab require-authentication",
                            "url": "/msports",
                            "text": "PLAY NOW",
                            "trackingName": "Click - Play Now - INTRO F1 LENOVO GRAND PRIX DE FRANCE 2022 - EN-CN"
                        }
                    ]
                }
            ]
        }
    ]
}