{
    "template": "CarouselItem",
    "content": [
        {
            "template": "Block",
            "class": "pointer",
            "url": "/promotions?id=2094",
            "content": [
                {
                    "template": "Picture",
                    "content": [
                        {
                            "template": "Source",
                            "media": "(max-width: 767.5px)",
                            "srcSet": "/~/static/images/sportsbook/banners/mobile_intro-final-mens-wimbledon_EN.jpg 375w",
                            "sizes": "100vw"
                        },
                        {
                            "template": "Image",
                            "path": "/~/static/images/sportsbook/banners/intro-final-mens-wimbledon_EN.jpg",
                            "srcSet": "/~/static/images/sportsbook/banners/intro-final-mens-wimbledon_EN.jpg 1360w",
                            "sizes": "(max-width: 1360px) 100vw, 1360px"
                        }
                    ]
                },
                {
                    "template": "Element",
                    "type": "div",
                    "class": "carousel-item-content",
                    "content": [
                        {
                            "template": "Image",
                            "class": "carousel-icon",
                            "path": "/~/static/images/badge/wimbledon.svg"
                        },
                        {
                            "template": "Text",
                            "text": "GET 20% CASHBACK",
                            "class": "big bold from-tablet-up"
                        },
                        {
                            "template": "Text",
                            "text": "ON WIMBLEDON FINALS",
                            "class": "from-tablet-up"
                        },
                        {
                            "template": "Text",
                            "text": "20% CASHBACK",
                            "class": "big bold up-to-tablet"
                        },
                        {
                            "template": "Text",
                            "text": "ON WIMBLEDON FINALS",
                            "class": "up-to-tablet"
                        },
                        {
                            "template": "ButtonTheme",
                            "class": "button button-primary track-events",
                            "url": "/promotions?id=2094",
                            "text": "MORE INFO",
                            "trackingName": "Click - More Info - INTRO FINAL MENS WIMBLEDON - EN-CN"
                        }
                    ]
                }
            ]
        }
    ]
}