{
    "template": "CarouselItem",
    "content": [
        {
            "template": "Block",
            "class": "pointer",
            "url": "/register",
            "content": [
                {
                    "template": "Picture",
                    "content": [
                        {
                            "template": "Source",
                            "media": "(max-width: 767.5px)",
                            "srcSet": "/~/static/images/home-page/banners/mobile_sportswelcomebonusv2_IN.jpg 375w",
                            "sizes": "100vw"
                        },
                        {
                            "template": "Image",
                            "path": "/~/static/images/home-page/banners/sportswelcomebonusv2_IN.jpg",
                            "srcSet": "/~/static/images/home-page/banners/sportswelcomebonusv2_IN.jpg 1360w",
                            "sizes": "(max-width: 1360px) 100vw, 1360px"
                        }
                    ]
                },
                {
                    "template": "Element",
                    "type": "div",
                    "class": "carousel-item-content",
                    "content": [
                        {
                            "template": "Image",
                            "class": "carousel-icon",
                            "path": "/~/static/images/badge/ftd-sports_EN.svg"
                        },
                        {
                            "template": "Text",
                            "text": "150% BONUS UP TO ₹10,000",
                            "class": "big bold from-tablet-up"
                        },
                        {
                            "template": "Text",
                            "text": "₹700 FREEBET",
                            "class": "from-tablet-up"
                        },
                        {
                            "template": "Text",
                            "text": "150% BONUS",
                            "class": "big bold up-to-tablet"
                        },
                        {
                            "template": "Text",
                            "text": "UP TO ₹11,000",
                            "class": "big bold up-to-tablet"
                        },
                        {
                            "template": "ButtonTheme",
                            "class": "button button-primary track-events",
                            "url": "/register",
                            "text": "JOIN NOW",
                            "trackingName": "Click - Join Now - SPORTS WELCOME BONUS BUNDLE - EN-INR"
                        }
                    ]
                }
            ]        
        }
    ]
}