{
    "template": "CarouselItem",
    "content": [
        {
            "template": "Block",
            "class": "pointer",
            "url": "/promotions?id=3127",
            "content": [
                {
                    "template": "Picture",
                    "content": [
                        {
                            "template": "Source",
                            "media": "(max-width: 767.5px)",
                            "srcSet": "/~/static/images/sportsbook/banners/mobile_baseball-parlay-extra-winning.jpg 375w",
                            "sizes": "100vw"
                        },
                        {
                            "template": "Image",
                            "path": "/~/static/images/sportsbook/banners/baseball-parlay-extra-winning.jpg",
                            "srcSet": "/~/static/images/sportsbook/banners/baseball-parlay-extra-winning.jpg 1360w",
                            "sizes": "(max-width: 1360px) 100vw, 1360px"
                        }
                    ]
                },
                {
                    "template": "Element",
                    "type": "div",
                    "class": "carousel-item-content",
                    "content": [
                        {
                            "template": "Image",
                            "class": "carousel-icon",
                            "path": "/~/static/images/badge/10-extra-winning_EN.svg"
                        },
                        {
                            "template": "Text",
                            "text": "WIN MORE BOUNS<br>ON YOUR 3 GAMES PARLAY",
                            "class": "big bold from-tablet-up"
                        },
                        {
                            "template": "Text",
                            "text": "AND GET MORE WINS",
                            "class": "from-tablet-up"
                        },
                        {
                            "template": "Text",
                            "text": "MORE BONUS",
                            "class": "big bold up-to-tablet"
                        },
                        {
                            "template": "Text",
                            "text": "ON 3 GAMES PARLAY",
                            "class": "up-to-tablet"
                        },
                        {
                            "template": "ButtonTheme",
                            "class": "button button-primary track-events",
                            "url": "/promotions?id=3127",
                            "text": "MORE INFO",
                            "trackingName": "Click - More Info - BASEBALL PARLAY 10% EXTRA WINNING - EN-KR"
                        }
                    ]
                }
            ]
        }
    ]
}