{
    "template": "CarouselItem",
    "content": [
        {
            "template": "Block",
            "class": "pointer",
            "url": "/promotions?id=3127",
            "content": [
                {
                    "template": "Picture",
                    "content": [
                        {
                            "template": "Source",
                            "media": "(max-width: 767.5px)",
                            "srcSet": "/~/static/images/sportsbook/banners/mobile_baseball-parlay-extra-winning.jpg 375w",
                            "sizes": "100vw"
                        },
                        {
                            "template": "Image",
                            "path": "/~/static/images/sportsbook/banners/baseball-parlay-extra-winning.jpg",
                            "srcSet": "/~/static/images/sportsbook/banners/baseball-parlay-extra-winning.jpg 1360w",
                            "sizes": "(max-width: 1360px) 100vw, 1360px"
                        }
                    ]
                },
                {
                    "template": "Element",
                    "type": "div",
                    "class": "carousel-item-content",
                    "content": [
                        {
                            "template": "Image",
                            "class": "carousel-icon",
                            "path": "/~/static/images/badge/10-extra-winning_KR.svg"
                        },
                        {
                            "template": "Text",
                            "text": "3게임 이상 야구에서<br>팔레이 베팅을 하시고",
                            "class": "big bold from-tablet-up"
                        },
                        {
                            "template": "Text",
                            "text": "추가 상금을 받아가세요",
                            "class": "from-tablet-up"
                        },
                        {
                            "template": "Text",
                            "text": "3게임 이상 야구에서<br>믹스 팔레이로",
                            "class": "big bold up-to-tablet"
                        },
                        {
                            "template": "Text",
                            "text": "추가 상금을 노리세요",
                            "class": "up-to-tablet"
                        },
                        {
                            "template": "ButtonTheme",
                            "class": "button button-primary track-events",
                            "url": "/promotions?id=3127",
                            "text": "더 보기",
                            "trackingName": "Click - More Info - BASEBALL PARLAY 10% EXTRA WINNING - KR"
                        }
                    ]
                }
            ]
        }
    ]
}