{
    "template": "CarouselItem",
    "content": [
        {
            "template": "Block",
            "class": "new-tab pointer",
            "url": "/promotions?id=2573",
            "content": [
                {
                    "template": "Picture",
                    "content": [
                        {
                            "template": "Source",
                            "media": "(max-width: 767.5px)",
                            "srcSet": "/~/static/images/sportsbook/banners/mobile_sports_dailyrebate_sportsbook.jpg 375w",
                            "sizes": "100vw"
                        },
                        {
                            "template": "Image",
                            "path": "/~/static/images/sportsbook/banners/sports_dailyrebate_sportsbook.jpg",
                            "srcSet": "/~/static/images/sportsbook/banners/sports_dailyrebate_sportsbook.jpg 1360w",
                            "sizes": "(max-width: 1360px) 100vw, 1360px"
                        }
                    ]
                },
                {
                    "template": "Element",
                    "type": "div",
                    "class": "carousel-item-content",
                    "content": [
                        {
                            "template": "Image",
                            "class": "carousel-icon",
                            "path": "/~/static/images/badge/rebate-upto033_JP.svg"
                        },
                        {
                            "template": "Text",
                            "text": "無制限キャッシュ& 条件なし",
                            "class": "big bold from-tablet-up"
                        },
                        {
                            "template": "Text",
                            "text": "今すぐつかめ!",
                            "class": "from-tablet-up"
                        },
                        {
                            "template": "Text",
                            "text": "無制限キャッシュ& 条件なし",
                            "class": "big bold up-to-tablet"
                        },
                        {
                            "template": "Text",
                            "text": "今すぐつかめ!",
                            "class": "up-to-tablet"
                        },
                        {
                            "template": "ButtonTheme",
                            "class": "button button-primary track-events",
                            "url": "/promotions?id=2573",
                            "text": "より詳しい情報",
                            "trackingName": "Click - More Info - SPORTS DAILY REBATE - JP"
                        }
                    ]
                }
            ]
        }
    ]
}