{
    "template": "CarouselItem",
    "content": [
        {
            "template": "Block",
            "class": "pointer",
            "url": "/register",
            "content": [
                {
                    "template": "Picture",
                    "content": [
                        {
                            "template": "Source",
                            "media": "(max-width: 767.5px)",
                            "srcSet": "/~/static/images/sportsbook/banners/mobile_intro_bangkokcenturycup2022_KR.jpg 375w",
                            "sizes": "100vw"
                        },
                        {
                            "template": "Image",
                            "path": "/~/static/images/sportsbook/banners/intro_bangkokcenturycup2022_KR.jpg",
                            "srcSet": "/~/static/images/sportsbook/banners/intro_bangkokcenturycup2022_KR.jpg 1360w",
                            "sizes": "(max-width: 1360px) 100vw, 1360px"
                        }
                    ]
                },
                {
                    "template": "Element",
                    "type": "div",
                    "class": "carousel-item-content",
                    "content": [
                        {
                            "template": "Image",
                            "class": "carousel-icon",
                            "path": "/~/static/images/badge/xxxx_KR.svg"
                        },
                        {
                            "template": "Text",
                            "text": "",
                            "class": "big bold from-tablet-up"
                        },
                        {
                            "template": "Text",
                            "text": "",
                            "class": "from-tablet-up"
                        },
                        {
                            "template": "Text",
                            "text": "",
                            "class": "big bold up-to-tablet"
                        },
                        {
                            "template": "Text",
                            "text": "",
                            "class": "up-to-tablet"
                        },
                        {
                            "template": "ButtonTheme",
                            "class": "button button-primary track-events",
                            "url": "/register",
                            "text": "회원 가입",
                            "trackingName": "Click - Join Now - BANGKOK CENTURY CUP 2022 - KR"
                        }
                    ]
                }
            ]
        }
    ]
}