{
    "template": "CarouselItem",
    "content": [
        {
            "template": "Block",
            "class": "new-tab pointer require-authentication",
            "url": "/msports",
            "content": [
                {
                    "template": "Picture",
                    "content": [
                        {
                            "template": "Source",
                            "media": "(max-width: 767.5px)",
                            "srcSet": "/~/static/images/sportsbook/banners/mobile_tottenhamvskleague_KR.jpg 375w",
                            "sizes": "100vw"
                        },
                        {
                            "template": "Image",
                            "path": "/~/static/images/sportsbook/banners/tottenhamvskleague_KR.jpg",
                            "srcSet": "/~/static/images/sportsbook/banners/tottenhamvskleague_KR.jpg 1360w",
                            "sizes": "(max-width: 1360px) 100vw, 1360px"
                        }
                    ]
                },
                {
                    "template": "Element",
                    "type": "div",
                    "class": "carousel-item-content",
                    "content": [
                        {
                            "template": "Text",
                            "text": "토트넘 내한 경기! <br> 이 특별한 즐거움을 <br> 바로 경험하세요",
                            "class": "big bold from-tablet-up"
                        },
                        {
                            "template": "Text",
                            "text": "2022년 7월 13일 20:00 (한국시간)",
                            "class": "from-tablet-up"
                        },
                        {
                            "template": "Text",
                            "text": "이 특별한 기쁨을 바 <br> 로경험하세요",
                            "class": "big bold up-to-tablet"
                        },
                        {
                            "template": "Text",
                            "text": "2022년 7월 13일 20:00 (한국시간)",
                            "class": "up-to-tablet"
                        },
                        {
                            "template": "ButtonTheme",
                            "class": "button button-primary track-events new-tab require-authentication",
                            "url": "/msports",
                            "text": "게임하기",
                            "trackingName": "Click - Play Now - INTRO TOTTENHAM VS K-LEAGUE - KR"
                        }
                    ]
                }
            ]
        }
    ]
}