{
    "template": "CarouselItem",
    "content": [
        {
            "template": "Block",
            "class": "pointer",
            "url": "/promotions?id=2931",
            "content": [
                {
                    "template": "Picture",
                    "content": [
                        {
                            "template": "Source",
                            "media": "(max-width: 767.5px)",
                            "srcSet": "/~/static/images/sportsbook/banners/mobile_newrebatesbobet_sportsbook_TH.jpg 375w",
                            "sizes": "100vw"
                        },
                        {
                            "template": "Image",
                            "path": "/~/static/images/sportsbook/banners/newrebatesbobet_sportsbook_TH.jpg",
                            "srcSet": "/~/static/images/sportsbook/banners/newrebatesbobet_sportsbook_TH.jpg 1360w",
                            "sizes": "(max-width: 1360px) 100vw, 1360px"
                        }
                    ]
                },
                {
                    "template": "Element",
                    "type": "div",
                    "class": "carousel-item-content",
                    "content": [
                        {
                            "template": "Image",
                            "class": "carousel-icon",
                            "path": "/~/static/images/badge/rebate-upto033_TH.svg"
                        },
                        {
                            "template": "Text",
                            "text": "SBOBET พิเศษรายวัน",
                            "class": "big bold from-tablet-up"
                        },
                        {
                            "template": "Text",
                            "text": "โบนัสไม่อั้น ไม่ต้องทำเทิร์น",
                            "class": "from-tablet-up"
                        },
                        {
                            "template": "Text",
                            "text": "SBOBET ให้รายวัน",
                            "class": "big bold up-to-tablet"
                        },
                        {
                            "template": "Text",
                            "text": "โบนัสไม่อั้น ไม่ต้องทำเทิร์น",
                            "class": "up-to-tablet"
                        },
                        {
                            "template": "ButtonTheme",
                            "class": "button button-primary track-events",
                            "url": "/promotions?id=2931",
                            "text": "รายละเอียดเพิ่มเติม",
                            "trackingName": "Click - More Info - SBOBET DAILY REBATE - TH"
                        }
                    ]
                }
            ]
        }
    ]
}