{
    "template": "CarouselItem",
    "content": [
        {
            "template": "Block",
            "class": "pointer",
            "url": "/register",
            "content": [
                {
                    "template": "Picture",
                    "content": [
                        {
                            "template": "Source",
                            "media": "(max-width: 767.5px)",
                            "srcSet": "/~/static/images/sportsbook/banners/mobile_man-united-vs-atletico-madrid_KR.jpg 375w",
                            "sizes": "100vw"
                        },
                        {
                            "template": "Image",
                            "path": "/~/static/images/sportsbook/banners/man-united-vs-atletico-madrid_KR.jpg",
                            "srcSet": "/~/static/images/sportsbook/banners/man-united-vs-atletico-madrid_KR.jpg 1360w",
                            "sizes": "(max-width: 1360px) 100vw, 1360px"
                        }
                    ]
                },
                {
                    "template": "Element",
                    "type": "div",
                    "class": "carousel-item-content",
                    "content": [
                        {
                            "template": "Text",
                            "text": "핫 매치업! <br> 이 보다 좋을 수 없는 경험 <br> 승리팀을 맞혀보세요",
                            "class": "big bold from-tablet-up"
                        },
                        {
                            "template": "Text",
                            "text": "2022년 7월 30일 20:45 (한국시간)",
                            "class": "from-tablet-up"
                        },
                        {
                            "template": "Text",
                            "text": "핫 매치업! <br> 승리팀을 맞추세요",
                            "class": "big bold up-to-tablet"
                        },
                        {
                            "template": "Text",
                            "text": "2022년 7월 30일 20:45 (한국시간)",
                            "class": "up-to-tablet"
                        },
                        {
                            "template": "ButtonTheme",
                            "class": "button button-primary track-events",
                            "url": "/register",
                            "text": "회원 가입",
                            "trackingName": "Click - Join Now - INTRO MATCH MAN UNITED VS ATLETICO MADRID - KR"
                        }
                    ]
                }
            ]
        }
    ]
}