{
    "template": "CarouselItem",
    "content": [
        {
            "template": "Block",
            "class": "pointer",
            "url": "/register",
            "content": [
                {
                    "template": "Picture",
                    "content": [
                        {
                            "template": "Source",
                            "media": "(max-width: 767.5px)",
                            "srcSet": "/~/static/images/sportsbook/banners/mobile_msports_dailyrebate_sportsbook_EN.jpg 375w",
                            "sizes": "100vw"
                        },
                        {
                            "template": "Image",
                            "path": "/~/static/images/sportsbook/banners/msports_dailyrebate_sportsbook_EN.jpg",
                            "srcSet": "/~/static/images/sportsbook/banners/msports_dailyrebate_sportsbook_EN.jpg 1360w",
                            "sizes": "(max-width: 1360px) 100vw, 1360px"
                        }
                    ]
                },
                {
                    "template": "Element",
                    "type": "div",
                    "class": "carousel-item-content",
                    "content": [
                        {
                            "template": "Image",
                            "class": "carousel-icon",
                            "path": "/~/static/images/badge/rebate-upto033_VN.svg"
                        },
                        {
                            "template": "Text",
                            "text": "M THỂ THAO HOÀN TRẢ",
                            "class": "big bold from-tablet-up"
                        },
                        {
                            "template": "Text",
                            "text": "KHÔNG GIỚI HẠN & VÒNG CƯỢC",
                            "class": "from-tablet-up"
                        },
                        {
                            "template": "Text",
                            "text": "M THỂ <br> THAO HOÀN",
                            "class": "big bold up-to-tablet"
                        },
                        {
                            "template": "Text",
                            "text": "KHÔNG GIỚI HẠN",
                            "class": "up-to-tablet"
                        },
                        {
                            "template": "ButtonTheme",
                            "class": "button button-primary track-events",
                            "url": "/register",
                            "text": "ĐĂNG KÝ",
                            "trackingName": "Click - Join Now - MSPORTS DAILY REBATE - VN"
                        }
                    ]
                }
            ]        
        }
    ]
}