{
    "template": "CarouselItem",
    "content": [
        {
            "template": "Block",
            "class": "pointer",
            "url": "/register",
            "content": [
                {
                    "template": "Picture",
                    "content": [
                        {
                            "template": "Source",
                            "media": "(max-width: 767.5px)",
                            "srcSet": "/~/static/images/home-page/banners/mobile_sportswelcomebonus_ID.jpg 375w",
                            "sizes": "100vw"
                        },
                        {
                            "template": "Image",
                            "path": "/~/static/images/home-page/banners/sportswelcomebonus_ID.jpg",
                            "srcSet": "/~/static/images/home-page/banners/sportswelcomebonus_ID.jpg 1360w",
                            "sizes": "(max-width: 1360px) 100vw, 1360px"
                        }
                    ]
                },
                {
                    "template": "Element",
                    "type": "div",
                    "class": "carousel-item-content",
                    "content": [
                        {
                            "template": "Image",
                            "class": "carousel-icon",
                            "path": "/~/static/images/badge/ftd-sports_ID.svg"
                        },
                        {
                            "template": "Text",
                            "text": "100% ATAU 28% BONUS",
                            "class": "big bold"
                        },
                        {
                            "template": "Text",
                            "text": "BONUS HINGGA IDR 8,000"
                        },
                        {
                            "template": "ButtonTheme",
                            "class": "button button-primary track-events",
                            "url": "/register",
                            "text": "JOIN SEKARANG",
                            "trackingName": "Click - Join Now - SPORTS WELCOME BONUS BUNDLE - ID"
                        }
                    ]
                }
            ]
        }
    ]
}