{
    "template": "CarouselItem",
    "content": [
        {
            "template": "Block",
            "class": "pointer",
            "url": "/register",
            "content": [
                {
                    "template": "Picture",
                    "content": [
                        {
                            "template": "Source",
                            "media": "(max-width: 767.5px)",
                            "srcSet": "/~/static/images/sportsbook/banners/mobile_sports_dailyrebate_sportsbook.jpg 375w",
                            "sizes": "100vw"
                        },
                        {
                            "template": "Image",
                            "path": "/~/static/images/sportsbook/banners/sports_dailyrebate_sportsbook.jpg",
                            "srcSet": "/~/static/images/sportsbook/banners/sports_dailyrebate_sportsbook.jpg 1360w",
                            "sizes": "(max-width: 1360px) 100vw, 1360px"
                        }
                    ]
                },
                {
                    "template": "Element",
                    "type": "div",
                    "class": "carousel-item-content",
                    "content": [
                        {
                            "template": "Image",
                            "class": "carousel-icon",
                            "path": "/~/static/images/badge/rebate-upto033_CN.svg"
                        },
                        {
                            "template": "Text",
                            "text": "中心钱包体育每日返水",
                            "class": "big bold from-tablet-up"
                        },
                        {
                            "template": "Text",
                            "text": "无上限！无流水",
                            "class": "from-tablet-up"
                        },
                        {
                            "template": "Text",
                            "text": "中心钱包体育 <br> 每日返水",
                            "class": "big bold up-to-tablet"
                        },
                        {
                            "template": "Text",
                            "text": "无上限！无流水",
                            "class": "up-to-tablet"
                        },
                        {
                            "template": "ButtonTheme",
                            "class": "button button-primary track-events",
                            "url": "/register",
                            "text": "立即加入",
                            "trackingName": "Click - Join Now - SPORTS DAILY REBATE - CN"
                        }
                    ]
                }
            ]        
        }
    ]
}