{
    "template": "CarouselItem",
    "content": [
        {
            "template": "Block",
            "class": "pointer",
            "url": "/register",
            "content": [
                {
                    "template": "Picture",
                    "content": [
                        {
                            "template": "Source",
                            "media": "(max-width: 767.5px)",
                            "srcSet": "/~/static/images/home-page/banners/mobile_sportswelcomebonus.jpg 375w",
                            "sizes": "100vw"
                        },
                        {
                            "template": "Image",
                            "path": "/~/static/images/home-page/banners/sportswelcomebonus.jpg",
                            "srcSet": "/~/static/images/home-page/banners/sportswelcomebonus.jpg 1360w",
                            "sizes": "(max-width: 1360px) 100vw, 1360px"
                        }
                    ]
                },
                {
                    "template": "Element",
                    "type": "div",
                    "class": "carousel-item-content",
                    "content": [
                        {
                            "template": "Image",
                            "class": "carousel-icon",
                            "path": "/~/static/images/badge/ftd-sports_VN.svg"
                        },
                        {
                            "template": "Text",
                            "text": "THƯỞNG 150% LÊN ĐẾN 3,388 VND",
                            "class": "big bold from-tablet-up"
                        },
                        {
                            "template": "Text",
                            "text": "THƯỞNG 150%",
                            "class": "big bold up-to-tablet"
                        },
                        {
                            "template": "Text",
                            "text": "LÊN ĐẾN 3,388 VND",
                            "class": "big bold up-to-tablet"
                        },
                        {
                            "template": "Text",
                            "text": "18 FREESPIN VÀ 184 VND MIỄN PHÍ",
                            "class": "from-tablet-up"
                        },
                        {
                            "template": "ButtonTheme",
                            "class": "button button-primary track-events",
                            "url": "/register",
                            "text": "ĐĂNG KÝ",
                            "trackingName": "Click - Join Now - SPORTS WELCOME BONUS BUNDLE - VN"
                        }
                    ]
                }
            ]        
        }
    ]
}