{
    "template": "CarouselItem",
    "content": [
        {
            "template": "Block",
            "content": [
                {
                    "template": "Picture",
                    "content": [
                        {
                            "template": "Source",
                            "media": "(max-width: 767.5px)",
                            "srcSet": "/~/static/images/sportsbook/banners/mobile_introsportbook_EN.jpg 375w",
                            "sizes": "100vw"
                        },
                        {
                            "template": "Image",
                            "path": "/~/static/images/sportsbook/banners/introsportbook_EN.jpg",
                            "srcSet": "/~/static/images/sportsbook/banners/introsportbook_EN.jpg 1360w",
                            "sizes": "(max-width: 1360px) 100vw, 1360px"
                        }
                    ]
                },
                {
                    "template": "Element",
                    "type": "div",
                    "class": "carousel-item-content mb-24 mb-48-tablet mb-54-desktop",
                    "content": [
                        {
                            "template": "Text",
                            "text": "최애 스포츠에 베팅하고",
                            "class": "big bold from-tablet-up"
                        },
                        {
                            "template": "Text",
                            "text": "최애 스포츠를",
                            "class": "big bold up-to-tablet"
                        },
                        {
                            "template": "Text",
                            "text": "즐기고",
                            "class": "big bold up-to-tablet"
                        },
                        {
                            "template": "Text",
                            "text": "데일리 보너스를 받아보세요",
                            "class": "big bold"
                        }
                    ]
                }
            ]
        }
    ]
}