{
    "template": "CarouselItem",
    "content": [
        {
            "template": "Block",
            "class": "new-tab pointer require-authentication",
            "url": "/home/bsports",
            "content": [
                {
                    "template": "Picture",
                    "content": [
                        {
                            "template": "Source",
                            "media": "(max-width: 767.5px)",
                            "srcSet": "/~/static/images/sportsbook/banners/mobile_intro-bti-sports.jpg 375w",
                            "sizes": "100vw"
                        },
                        {
                            "template": "Image",
                            "path": "/~/static/images/sportsbook/banners/intro-bti-sports.jpg",
                            "srcSet": "/~/static/images/sportsbook/banners/intro-bti-sports.jpg 1360w",
                            "sizes": "(max-width: 1360px) 100vw, 1360px"
                        }
                    ]
                },
                {
                    "template": "Element",
                    "type": "div",
                    "class": "carousel-item-content",
                    "content": [
                        {
                            "template": "Image",
                            "class": "carousel-icon",
                            "path": "/~/static/images/badge/bti-sports.svg"
                        },
                        {
                            "template": "Text",
                            "text": "ピュアスポーツアクション",
                            "class": "big bold from-tablet-up"
                        },
                        {
                            "template": "Text",
                            "text": "新しい情報",
                            "class": "from-tablet-up"
                        },
                        {
                            "template": "Text",
                            "text": "ピュアスポーツアクション",
                            "class": "big bold up-to-tablet"
                        },
                        {
                            "template": "Text",
                            "text": "新しい情報",
                            "class": "up-to-tablet"
                        },
                        {
                            "template": "ButtonTheme",
                            "class": "button button-primary track-events new-tab require-authentication",
                            "url": "/home/bsports",
                            "text": "今すぐプレイ",
                            "trackingName": "Click - Play Now - INTRO BTI SPORTS - JP"
                        }
                    ]
                }
            ]
        }
    ]
}