{
    "template": "CarouselItem",
    "content": [
        {
            "template": "Block",
            "class": "pointer",
            "url": "/register",
            "content": [
                {
                    "template": "Picture",
                    "content": [
                        {
                            "template": "Source",
                            "media": "(max-width: 767.5px)",
                            "srcSet": "/~/static/images/sportsbook/banners/mobile_barcelonavsrealmadrid_EN.jpg 375w",
                            "sizes": "100vw"
                        },
                        {
                            "template": "Image",
                            "path": "/~/static/images/sportsbook/banners/barcelonavsrealmadrid_EN.jpg",
                            "srcSet": "/~/static/images/sportsbook/banners/barcelonavsrealmadrid_EN.jpg 1360w",
                            "sizes": "(max-width: 1360px) 100vw, 1360px"
                        }
                    ]
                },
                {
                    "template": "Element",
                    "type": "div",
                    "class": "carousel-item-content",
                    "content": [
                        {
                            "template": "Image",
                            "class": "carousel-icon",
                            "path": "/~/static/images/badge/laliga.svg"
                        },
                        {
                            "template": "Text",
                            "text": "CLUB FRIENDLY <br> EL CLASSICO <br> PLACE YOUR BET NOW!",
                            "class": "big bold from-tablet-up"
                        },
                        {
                            "template": "Text",
                            "text": "24 JULY 2022 @ 11:00 (GMT+8)",
                            "class": "from-tablet-up"
                        },
                        {
                            "template": "Text",
                            "text": "CLUB FRIENDLY <br> EL CLASSICO",
                            "class": "big bold up-to-tablet"
                        },
                        {
                            "template": "Text",
                            "text": "24 JULY 2022 @ 11:00 (GMT+8)",
                            "class": "up-to-tablet"
                        },
                        {
                            "template": "ButtonTheme",
                            "class": "button button-primary track-events",
                            "url": "/register",
                            "text": "JOIN NOW",
                            "trackingName": "Click - Join Now - INTRO BARCELONA VS REAL MADRID - EN-MYR"
                        }
                    ]
                }
            ]
        }
    ]
}