{
    "template": "CarouselItem",
    "content": [
        {
            "template": "Block",
            "class": "new-tab pointer require-authentication",
            "url": "/msports",
            "content": [
                {
                    "template": "Picture",
                    "content": [
                        {
                            "template": "Source",
                            "media": "(max-width: 767.5px)",
                            "srcSet": "/~/static/images/sportsbook/banners/mobile_intro-fiba-asia-cup.jpg 375w",
                            "sizes": "100vw"
                        },
                        {
                            "template": "Image",
                            "path": "/~/static/images/sportsbook/banners/intro-fiba-asia-cup.jpg",
                            "srcSet": "/~/static/images/sportsbook/banners/intro-fiba-asia-cup.jpg 1360w",
                            "sizes": "(max-width: 1360px) 100vw, 1360px"
                        }
                    ]
                },
                {
                    "template": "Element",
                    "type": "div",
                    "class": "carousel-item-content",
                    "content": [
                        {
                            "template": "Image",
                            "class": "carousel-icon",
                            "path": "/~/static/images/badge/fiba-asia-cup-2022.svg"
                        },
                        {
                            "template": "Text",
                            "text": "CHOOSE YOUR SIDE",
                            "class": "big bold from-tablet-up"
                        },
                        {
                            "template": "Text",
                            "text": "BET ON YOUR TEAM",
                            "class": "from-tablet-up"
                        },
                        {
                            "template": "Text",
                            "text": "CHOOSE <br> YOUR SIDE",
                            "class": "big bold up-to-tablet"
                        },
                        {
                            "template": "Text",
                            "text": "BET ON YOUR TEAM",
                            "class": "up-to-tablet"
                        },
                        {
                            "template": "ButtonTheme",
                            "class": "button button-primary track-events new-tab require-authentication",
                            "url": "/msports",
                            "text": "PLAY NOW",
                            "trackingName": "Click - Play Now - INTRO FIBA AISA CUP - EN-VN"
                        }
                    ]
                }
            ]
        }
    ]
}