{
    "template": "CarouselItem",
    "content": [
        {
            "template": "Block",
            "class": "pointer",
            "url": "/register",
            "content": [
                {
                    "template": "Picture",
                    "content": [
                        {
                            "template": "Source",
                            "media": "(max-width: 767.5px)",
                            "srcSet": "/~/static/images/home-page/banners/mobile_sportswelcomebonus.jpg 375w",
                            "sizes": "100vw"
                        },
                        {
                            "template": "Image",
                            "path": "/~/static/images/home-page/banners/sportswelcomebonus.jpg",
                            "srcSet": "/~/static/images/home-page/banners/sportswelcomebonus.jpg 1360w",
                            "sizes": "(max-width: 1360px) 100vw, 1360px"
                        }
                    ]
                },
                {
                    "template": "Element",
                    "type": "div",
                    "class": "carousel-item-content",
                    "content": [
                        {
                            "template": "Image",
                            "class": "carousel-icon",
                            "path": "/~/static/images/badge/ftd-sports_JP.svg"
                        },
                        {
                            "template": "Text",
                            "text": "150%、最大$150 ボーナス",
                            "class": "big bold"
                        },
                        {
                            "template": "ButtonTheme",
                            "class": "button button-primary track-events",
                            "url": "/register",
                            "text": "今すぐ参加",
                            "trackingName": "Click - Join Now - SPORTS WELCOME BONUS BUNDLE - JP"
                        }
                    ]
                }   
            ]        
        }
    ]
}