{
    "template": "CarouselItem",
    "content": [
        {
            "template": "Block",
            "class": "pointer",
            "url": "/register",
            "content": [
                {
                    "template": "Picture",
                    "content": [
                        {
                            "template": "Source",
                            "media": "(max-width: 767.5px)",
                            "srcSet": "/~/static/images/sportsbook/banners/mobile_sabasportstournament_CN.jpg 375w",
                            "sizes": "100vw"
                        },
                        {
                            "template": "Image",
                            "path": "/~/static/images/sportsbook/banners/sabasportstournament_CN.jpg",
                            "srcSet": "/~/static/images/sportsbook/banners/sabasportstournament_CN.jpg 1360w",
                            "sizes": "(max-width: 1360px) 100vw, 1360px"
                        }
                    ]
                },
                {
                    "template": "Element",
                    "type": "div",
                    "class": "carousel-item-content",
                    "content": [
                        {
                            "template": "Image",
                            "class": "carousel-icon",
                            "path": "/~/static/images/badge/tournament_top_100_players_CN.svg"
                        },
                        {
                            "template": "Text",
                            "text": "沙巴体育限定",
                            "class": "big bold from-tablet-up"
                        },
                        {
                            "template": "Text",
                            "text": "总奖金52,500元",
                            "class": "from-tablet-up"
                        },
                        {
                            "template": "Text",
                            "text": "沙巴体育限定",
                            "class": "big bold up-to-tablet"
                        },
                        {
                            "template": "Text",
                            "text": "总奖金52,500元",
                            "class": "up-to-tablet"
                        },
                        {
                            "template": "ButtonTheme",
                            "class": "button button-primary track-events",
                            "url": "/register",
                            "text": "立即加入",
                            "trackingName": "Click - Join Now - SABA SPORTS TOURNAMENT - CN"
                        }
                    ]
                }
            ]        
        }
    ]
}