{
    "template": "CarouselItem",
    "content": [
        {
            "template": "Block",
            "class": "new-tab pointer",
            "url": "/promotions?id=2677",
            "content": [
                {
                    "template": "Picture",
                    "content": [
                        {
                            "template": "Source",
                            "media": "(max-width: 767.5px)",
                            "srcSet": "/~/static/images/sportsbook/banners/mobile_ob_dailyrebate_sportsbook_EN.jpg 375w",
                            "sizes": "100vw"
                        },
                        {
                            "template": "Image",
                            "path": "/~/static/images/sportsbook/banners/ob_dailyrebate_sportsbook_EN.jpg",
                            "srcSet": "/~/static/images/sportsbook/banners/ob_dailyrebate_sportsbook_EN.jpg 1360w",
                            "sizes": "(max-width: 1360px) 100vw, 1360px"
                        }
                    ]
                },
                {
                    "template": "Element",
                    "type": "div",
                    "class": "carousel-item-content",
                    "content": [
                        {
                            "template": "Image",
                            "class": "carousel-icon",
                            "path": "/~/static/images/badge/rebate-upto033_EN.svg"
                        },
                        {
                            "template": "Text",
                            "text": "OB SPORTS DAILY REBATE",
                            "class": "big bold from-tablet-up"
                        },
                        {
                            "template": "Text",
                            "text": "UNLIMITED & NO ROLLOVER",
                            "class": "from-tablet-up"
                        },
                        {
                            "template": "Text",
                            "text": "OB SPORTS<br>DAILY REBATE",
                            "class": "big bold up-to-tablet"
                        },
                        {
                            "template": "Text",
                            "text": "UNLIMITED & NO ROLLOVER",
                            "class": "up-to-tablet"
                        },
                        {
                            "template": "ButtonTheme",
                            "class": "button button-primary track-events",
                            "url": "/promotions?id=2677",
                            "text": "MORE INFO",
                            "trackingName": "Click - More Info - OB DAILY REBATE - EN-CN"
                        }
                    ]
                }
            ]        
        }
    ]
}