{
    "template": "CarouselItem",
    "content": [
        {
            "template": "Block",
            "class": "pointer",
            "url": "/register",
            "content": [
                {
                    "template": "Picture",
                    "content": [
                        {
                            "template": "Source",
                            "media": "(max-width: 767.5px)",
                            "srcSet": "/~/static/images/sportsbook/banners/mobile_introsportbook_TH.jpg 375w",
                            "sizes": "100vw"
                        },
                        {
                            "template": "Image",
                            "path": "/~/static/images/sportsbook/banners/introsportbook_TH.jpg",
                            "srcSet": "/~/static/images/sportsbook/banners/introsportbook_TH.jpg 1360w",
                            "sizes": "(max-width: 1360px) 100vw, 1360px"
                        }
                    ]
                },
                {
                    "template": "Element",
                    "type": "div",
                    "class": "carousel-item-content",
                    "content": [
                        {
                            "template": "Text",
                            "text": "พิเศษกับข้อเสนอรายวัน",
                            "class": "big bold from-tablet-up"
                        },
                        {
                            "template": "Text",
                            "text": "เดิมพันในหน้ากีฬาที่ชื่นชอบ",
                            "class": "big bold from-tablet-up"
                        },
                        {
                            "template": "Text",
                            "text": "พิเศษรายวัน",
                            "class": "big bold up-to-tablet"
                        },
                        {
                            "template": "Text",
                            "text": "เดิมพันในหน้ากีฬา",
                            "class": "big bold up-to-tablet"
                        },
                        {
                            "template": "ButtonTheme",
                            "class": "button button-primary track-events",
                            "url": "/register",
                            "text": "เข้าร่วมเดี๋ยวนี้",
                            "trackingName": "Click - Join Now - SPORTSBOOK INTRO BANNER - TH"
                        }
                    ]
                }
            ]
        }
    ]
}