{
    "template": "CarouselItem",
    "content": [
        {
            "template": "Block",
            "class": "pointer",
            "url": "/register",
            "content": [
                {
                    "template": "Picture",
                    "content": [
                        {
                            "template": "Source",
                            "media": "(max-width: 767.5px)",
                            "srcSet": "/~/static/images/sportsbook/banners/mobile_f1-intro-rolex-grosser-preis_CN.jpg 375w",
                            "sizes": "100vw"
                        },
                        {
                            "template": "Image",
                            "path": "/~/static/images/sportsbook/banners/f1-intro-rolex-grosser-preis_CN.jpg",
                            "srcSet": "/~/static/images/sportsbook/banners/f1-intro-rolex-grosser-preis_CN.jpg 1360w",
                            "sizes": "(max-width: 1360px) 100vw, 1360px"
                        }
                    ]
                },
                {
                    "template": "Element",
                    "type": "div",
                    "class": "carousel-item-content",
                    "content": [
                        {
                            "template": "Image",
                            "class": "carousel-icon",
                            "path": "/~/static/images/badge/f1-intro-rolex-grosser-preis.svg"
                        },
                        {
                            "template": "Text",
                            "text": "F1方程式劳力士大奖赛 <br> 享受周末冲刺超快感",
                            "class": "big bold from-tablet-up"
                        },
                        {
                            "template": "Text",
                            "text": "2022年7月8日-7月10日",
                            "class": "from-tablet-up"
                        },
                        {
                            "template": "Text",
                            "text": "F1劳力士大奖赛 <br> 周末冲刺超快感",
                            "class": "big bold up-to-tablet"
                        },
                        {
                            "template": "Text",
                            "text": "2022年7月8日-7月10日",
                            "class": "up-to-tablet"
                        },
                        {
                            "template": "ButtonTheme",
                            "class": "button button-primary track-events",
                            "url": "/register",
                            "text": "立即加入",
                            "trackingName": "Click - Join Now - F1 INTRO ROLEX GROSSER PREIS - CN"
                        }
                    ]
                }
            ]
        }
    ]
}