{
    "template": "CarouselItem",
    "content": [
        {
            "template": "Block",
            "class": "pointer",
            "url": "/register",
            "content": [
                {
                    "template": "Picture",
                    "content": [
                        {
                            "template": "Source",
                            "media": "(max-width: 767.5px)",
                            "srcSet": "/~/static/images/sportsbook/banners/mobile_tottenham-vs-sevilla_KR.jpg 375w",
                            "sizes": "100vw"
                        },
                        {
                            "template": "Image",
                            "path": "/~/static/images/sportsbook/banners/tottenham-vs-sevilla_KR.jpg",
                            "srcSet": "/~/static/images/sportsbook/banners/tottenham-vs-sevilla_KR.jpg 1360w",
                            "sizes": "(max-width: 1360px) 100vw, 1360px"
                        }
                    ]
                },
                {
                    "template": "Element",
                    "type": "div",
                    "class": "carousel-item-content",
                    "content": [
                        {
                            "template": "Text",
                            "text": "내한 경기는 계속된다! <br> 숨이 멎을듯한 경기에 <br> 베팅하세요",
                            "class": "big bold from-tablet-up"
                        },
                        {
                            "template": "Text",
                            "text": "2022년 7월 16일 20:00",
                            "class": "from-tablet-up"
                        },
                        {
                            "template": "Text",
                            "text": "투어는 계속된다! <br> 지금 베팅하세요",
                            "class": "big bold up-to-tablet"
                        },
                        {
                            "template": "Text",
                            "text": "2022년 7월 16일 20:00",
                            "class": "up-to-tablet"
                        },
                        {
                            "template": "ButtonTheme",
                            "class": "button button-primary track-events",
                            "url": "/register",
                            "text": "회원 가입",
                            "trackingName": "Click - Join Now - INTRO TOTTENHAM VS SEVILLA - KR"
                        }
                    ]
                }
            ]
        }
    ]
}