{
    "template": "CarouselItem",
    "content": [
        {
            "template": "Block",
            "content": [
                {
                    "template": "Picture",
                    "content": [
                        {
                            "template": "Source",
                            "media": "(max-width: 767.5px)",
                            "srcSet": "/~/static/images/sportsbook/banners/mobile-intro-fau-fc.jpg 375w",
                            "sizes": "100vw"
                        },
                        {
                            "template": "Image",
                            "path": "/~/static/images/sportsbook/banners/intro-fau-fc_EN.jpg",
                            "srcSet": "/~/static/images/sportsbook/banners/intro-fau-fc_EN.jpg 1360w",
                            "sizes": "(max-width: 1360px) 100vw, 1360px"
                        }
                    ]
                },
                {
                    "template": "Element",
                    "type": "div",
                    "class": "carousel-item-content mb-24 mb-48-tablet mb-72-desktop",
                    "content": [
                        {
                            "template": "Text",
                            "text": "QUANG HẢI WITH PAU FC! <br> OPENNING GAME <br> GUINGAMP VS PAU F.C",
                            "class": "big bold from-tablet-up"
                        },
                        {
                            "template": "Text",
                            "text": "31 JULY 2022 @ 01:00 (GMT+8)",
                            "class": "from-tablet-up"
                        },
                        {
                            "template": "Text",
                            "text": "CONGRATS! <br> QUANG HẢI",
                            "class": "big bold up-to-tablet"
                        },
                        {
                            "template": "Text",
                            "text": "CATCH GUINGAMP VS PAU F.C. <br> 31 JULY 2022 @ 01:00 (GMT+8)",
                            "class": "up-to-tablet"
                        }
                    ]
                }
            ]
        }
    ]
}