{
    "template": "CarouselItem",
    "content": [
        {
            "template": "Block",
            "class": "pointer",
            "url": "/promotions?id=2079",
            "content": [
                {
                    "template": "Picture",
                    "content": [
                        {
                            "template": "Source",
                            "media": "(max-width: 767.5px)",
                            "srcSet": "/~/static/images/sportsbook/banners/mobile_sabasportstournament_EN.jpg 375w",
                            "sizes": "100vw"
                        },
                        {
                            "template": "Image",
                            "path": "/~/static/images/sportsbook/banners/sabasportstournament_EN.jpg",
                            "srcSet": "/~/static/images/sportsbook/banners/sabasportstournament_EN.jpg 1360w",
                            "sizes": "(max-width: 1360px) 100vw, 1360px"
                        }
                    ]
                },
                {
                    "template": "Element",
                    "type": "div",
                    "class": "carousel-item-content",
                    "content": [
                        {
                            "template": "Image",
                            "class": "carousel-icon",
                            "path": "/~/static/images/badge/tournament_top_100_players_VN.svg"
                        },
                        {
                            "template": "Text",
                            "text": "GIẢI NHẤT 8,400 VND",
                            "class": "big bold from-tablet-up"
                        },
                        {
                            "template": "Text",
                            "text": "ƯU ĐÃI SABA THỂ THAO",
                            "class": "from-tablet-up"
                        },
                        {
                            "template": "Text",
                            "text": "ƯU ĐÃI <br> SABA THỂ THAO",
                            "class": "big bold up-to-tablet"
                        },
                        {
                            "template": "Text",
                            "text": "GIÀNH GIẢI NHẤT 8,400 VND",
                            "class": "up-to-tablet"
                        },
                        {
                            "template": "ButtonTheme",
                            "class": "button button-primary track-events",
                            "url": "/promotions?id=2079",
                            "text": "CHI TIẾT",
                            "trackingName": "Click - More Info - SABA SPORTS TOURNAMENT - VN"
                        }
                    ]
                }
            ]        
        }
    ]
}