{
	"template": "CarouselWrapper",
	"trackingName": "Carousel",
	"content": [
		{
			"template": "CSS",
			"path": "custom/carousel.css"
		},
		{
			"template": "Conditional",
			"allowAuthenticated": true,
			"allowAnonymous": false,
			"playerCurrencies": [
				"MYR"
			],
			"content": [
				{
					"template": "json",
					"path": "sportsbook/carousel/carousel-data/intro-man-united-vs-atletico-madrid/content-myr/details-authenticated"
				},
				{
					"template": "json",
					"path": "sportsbook/carousel/carousel-data/intro-f1-aramco-magyar-nagydij-2022/content-myr/details-authenticated"
				},
				{
					"template": "json",
					"path": "sportsbook/carousel/carousel-data/sports-off-season-10-cashback/content-myr/details-authenticated"
				},
				{
					"template": "json",
					"path": "sportsbook/carousel/carousel-data/saba-sports-tournament/content-myr/details-authenticated"
				},
				{
					"template": "json",
					"path": "sportsbook/carousel/carousel-data/msports-daily-rebate/content-myr/details-authenticated"
				}
			]
		},
		{
			"template": "Conditional",
			"allowAuthenticated": true,
			"allowAnonymous": false,
			"playerCurrencies": [
				"INR"
			],
			"content": [
				{
					"template": "json",
					"path": "sportsbook/carousel/carousel-data/sports-off-season-10-cashback/content-inr/details-authenticated"
				},
				{
					"template": "json",
					"path": "sportsbook/carousel/carousel-data/saba-sports-tournament/content-inr/details-authenticated"
				},
				{
					"template": "json",
					"path": "sportsbook/carousel/carousel-data/sports-daily-rebate/content-inr/details-authenticated"
				}
			]
		},
		{
			"template": "Conditional",
			"allowAuthenticated": true,
			"allowAnonymous": false,
			"playerCurrencies": [
				"CNY"
			],
			"content": [
				{
					"template": "json",
					"path": "sportsbook/carousel/carousel-data/intro-man-united-vs-atletico-madrid/content-cny/details-authenticated"
				},
				{
					"template": "json",
					"path": "sportsbook/carousel/carousel-data/intro-f1-aramco-magyar-nagydij-2022/content-cny/details-authenticated"
				},
				{
					"template": "json",
					"path": "sportsbook/carousel/carousel-data/sports-off-season-10-cashback/content-cny/details-authenticated"
				},
				{
					"template": "json",
					"path": "sportsbook/carousel/carousel-data/saba-sports-tournament/content-cny/details-authenticated"
				},
				{
					"template": "json",
					"path": "sportsbook/carousel/carousel-data/msports-daily-rebate/content-cny/details-authenticated"
				}
			]
		},
		{
			"template": "Conditional",
			"allowAuthenticated": true,
			"allowAnonymous": false,
			"playerCurrencies": [
				"IDR"
			],
			"content": [
				{
					"template": "json",
					"path": "sportsbook/carousel/carousel-data/intro-man-united-vs-atletico-madrid/content-idr/details-authenticated"
				},
				{
					"template": "json",
					"path": "sportsbook/carousel/carousel-data/intro-f1-aramco-magyar-nagydij-2022/content-idr/details-authenticated"
				},
				{
					"template": "json",
					"path": "sportsbook/carousel/carousel-data/sports-off-season-10-cashback/content-idr/details-authenticated"
				},
				{
					"template": "json",
					"path": "sportsbook/carousel/carousel-data/saba-sports-tournament/content-idr/details-authenticated"
				},
				{
					"template": "json",
					"path": "sportsbook/carousel/carousel-data/msports-daily-rebate/content-idr/details-authenticated"
				}
			]
		},
		{
			"template": "Conditional",
			"allowAuthenticated": true,
			"allowAnonymous": false,
			"playerCurrencies": [
				"THB"
			],
			"content": [
				{
					"template": "json",
					"path": "sportsbook/carousel/carousel-data/intro-man-united-vs-atletico-madrid/content-thb/details-authenticated"
				},
				{
					"template": "json",
					"path": "sportsbook/carousel/carousel-data/intro-f1-aramco-magyar-nagydij-2022/content-thb/details-authenticated"
				},
				{
					"template": "json",
					"path": "sportsbook/carousel/carousel-data/sports-off-season-10-cashback/content-thb/details-authenticated"
				},
				{
					"template": "json",
					"path": "sportsbook/carousel/carousel-data/saba-sports-tournament/content-thb/details-authenticated"
				},
				{
					"template": "json",
					"path": "sportsbook/carousel/carousel-data/msports-daily-rebate/content-thb/details-authenticated"
				}
			]
		},
		{
			"template": "Conditional",
			"allowAuthenticated": true,
			"allowAnonymous": false,
			"playerCurrencies": [
				"VND"
			],
			"content": [
				{
					"template": "json",
					"path": "sportsbook/carousel/carousel-data/pau-fc/content-vnd/details-authenticated"
				},
				{
					"template": "json",
					"path": "sportsbook/carousel/carousel-data/intro-man-united-vs-atletico-madrid/content-vnd/details-authenticated"
				},
				{
					"template": "json",
					"path": "sportsbook/carousel/carousel-data/intro-f1-aramco-magyar-nagydij-2022/content-vnd/details-authenticated"
				},
				{
					"template": "json",
					"path": "sportsbook/carousel/carousel-data/sports-off-season-10-cashback/content-vnd/details-authenticated"
				},
				{
					"template": "json",
					"path": "sportsbook/carousel/carousel-data/saba-sports-tournament/content-vnd/details-authenticated"
				}
			]
		},
		{
			"template": "Conditional",
			"allowAuthenticated": true,
			"allowAnonymous": false,
			"playerCurrencies": [
				"KRW"
			],
			"content": [
				{
					"template": "json",
					"path": "sportsbook/carousel/carousel-data/baseball-parlay-extra-winning/content-krw/details-authenticated"
				},
				{
					"template": "json",
					"path": "sportsbook/carousel/carousel-data/intro-man-united-vs-atletico-madrid/content-krw/details-authenticated"
				},
				{
					"template": "json",
					"path": "sportsbook/carousel/carousel-data/intro-f1-aramco-magyar-nagydij-2022/content-krw/details-authenticated"
				},
				{
					"template": "json",
					"path": "sportsbook/carousel/carousel-data/saba-sports-tournament/content-krw/details-authenticated"
				},
				{
					"template": "json",
					"path": "sportsbook/carousel/carousel-data/msports-daily-rebate/content-krw/details-authenticated"
				}
			]
		},
		{
			"template": "Conditional",
			"allowAuthenticated": true,
			"allowAnonymous": false,
			"playerCurrencies": [
				"USD"
			],
			"content": [
				{
					"template": "json",
					"path": "sportsbook/carousel/carousel-data/intro-bti-sports/content-usd/details-authenticated"
				},
				{
					"template": "json",
					"path": "sportsbook/carousel/carousel-data/msports-daily-rebate/content-usd/details-authenticated"
				},
				{
					"template": "json",
					"path": "sportsbook/carousel/carousel-data/sports-daily-rebate/content-usd/details-authenticated"
				}
			]
		}
	]
}