{
	"template": "CarouselWrapper",
	"trackingName": "Carousel",
	"content": [
		{
		    "template": "CSS",
		    "path": "custom/carousel.css"
		},
		{	
			"template": "Conditional",
			"allowAuthenticated": false,
			"allowAnonymous": true,
			"Currencies": [
				"IDR"
			],	
			"content": [
				{
					"template": "json",
					"path": "sportsbook/carousel/carousel-data/sports-welcomebonus/content-idr/details-anonymous"
				},
				{
					"template": "json",
					"path": "sportsbook/carousel/carousel-data/intro-man-united-vs-atletico-madrid/content-idr/details-anonymous"
				},
				{
					"template": "json",
					"path": "sportsbook/carousel/carousel-data/intro-f1-aramco-magyar-nagydij-2022/content-idr/details-anonymous"
				},
				{
					"template": "json",
					"path": "sportsbook/carousel/carousel-data/sports-off-season-10-cashback/content-idr/details-anonymous"
				},
				{
					"template": "json",
					"path": "sportsbook/carousel/carousel-data/saba-sports-tournament/content-idr/details-anonymous"
				}
			]
		}
	]
}
