{
	"template": "CarouselWrapper",
	"trackingName": "Carousel",
	"content": [
		{
		    "template": "CSS",
		    "path": "custom/carousel.css"
		},
		{
			"template": "Conditional",
			"allowAuthenticated": false,
			"allowAnonymous": true,
			"Currencies": [
				"VND"
			],
			"content": [
				
				{
					"template": "json",
					"path": "sportsbook/carousel/carousel-data/sports-welcomebonus/content-vnd/details-anonymous"
				},
				{
					"template": "json",
					"path": "sportsbook/carousel/carousel-data/pau-fc/content-vnd/details-anonymous"
				},
				{
					"template": "json",
					"path": "sportsbook/carousel/carousel-data/intro-man-united-vs-atletico-madrid/content-vnd/details-anonymous"
				},
				{
					"template": "json",
					"path": "sportsbook/carousel/carousel-data/intro-f1-aramco-magyar-nagydij-2022/content-vnd/details-anonymous"
				},
				{
					"template": "json",
					"path": "sportsbook/carousel/carousel-data/sports-off-season-10-cashback/content-vnd/details-anonymous"
				}
			]
		}
	]
}
