{
	"template": "CarouselWrapper",
	"trackingName": "Carousel",
	"content": [
		{
		    "template": "CSS",
		    "path": "custom/carousel.css"
		},		
		{
			"template": "Conditional",
			"allowAuthenticated": false,
			"allowAnonymous": true,
			"Currencies": [
				"KRW"
			],
			"content": [
				{
					"template": "json",
					"path": "sportsbook/carousel/carousel-data/sports-welcomebonus/content-krw/details-anonymous"
				},
				{
					"template": "json",
					"path": "sportsbook/carousel/carousel-data/baseball-parlay-extra-winning/content-krw/details-anonymous"
				},
				{
					"template": "json",
					"path": "sportsbook/carousel/carousel-data/intro-man-united-vs-atletico-madrid/content-krw/details-anonymous"
				},
				{
					"template": "json",
					"path": "sportsbook/carousel/carousel-data/intro-f1-aramco-magyar-nagydij-2022/content-krw/details-anonymous"
				},
				{
					"template": "json",
					"path": "sportsbook/carousel/carousel-data/saba-sports-tournament/content-krw/details-anonymous"
				}
			]
		}
	]
}
