{
	"template": "CarouselWrapper",
	"trackingName": "Carousel",
	"content": [
		{
		    "template": "CSS",
		    "path": "custom/carousel.css"
		},
		{
			"template": "Conditional",
			"allowAuthenticated": false,
			"allowAnonymous": true,
			"Currencies": [
				"USD"
			],
			"content": [
				{
					"template": "json",
					"path": "sportsbook/carousel/carousel-data/sports-welcomebonus/content-usd/details-anonymous"
				},
				{
					"template": "json",
					"path": "sportsbook/carousel/carousel-data/intro-bti-sports/content-usd/details-anonymous"
				},
				{
					"template": "json",
					"path": "sportsbook/carousel/carousel-data/msports-daily-rebate/content-usd/details-anonymous"
				},
				{
					"template": "json",
					"path": "sportsbook/carousel/carousel-data/sports-daily-rebate/content-usd/details-anonymous"
				}
			]
		}
	]
}
