{
	"template": "CarouselWrapper",
	"trackingName": "Carousel",
	"content": [
		{
		    "template": "CSS",
		    "path": "custom/carousel.css"
		},
		{
			"template": "Conditional",
			"allowAuthenticated": true,
			"allowAnonymous": false,
			"playerCurrencies": [
				"MYR"
			],
			"content": [
				{
					"template": "json",
					"path": "sportsbook/carousel/carousel-data/msports-daily-rebate/content-usd/details-authenticated"
				},
				{
					"template": "json",
					"path": "sportsbook/carousel/carousel-data/sports-daily-rebate/content-usd/details-authenticated"
				}
			]
		},
		{
			"template": "Conditional",
			"allowAuthenticated": true,
			"allowAnonymous": false,
			"playerCurrencies": [
				"INR"
			],
			"content": [
				{
					"template": "json",
					"path": "sportsbook/carousel/carousel-data/intro-sportsbook/content-usd/details-authenticated"
				}
			]
		},
		{
			"template": "Conditional",
			"allowAuthenticated": true,
			"allowAnonymous": false,
			"playerCurrencies": [
				"CNY"
			],
			"content": [
				{
					"template": "json",
					"path": "sportsbook/carousel/carousel-data/msports-daily-rebate/content-usd/details-authenticated"
				},
				{
					"template": "json",
					"path": "sportsbook/carousel/carousel-data/sports-daily-rebate/content-usd/details-authenticated"
				}
			]
		},
		{
			"template": "Conditional",
			"allowAuthenticated": true,
			"allowAnonymous": false,
			"playerCurrencies": [
				"IDR"
			],
			"content": [
				{
					"template": "json",
					"path": "sportsbook/carousel/carousel-data/msports-daily-rebate/content-usd/details-authenticated"
				},
				{
					"template": "json",
					"path": "sportsbook/carousel/carousel-data/sports-daily-rebate/content-usd/details-authenticated"
				}
			]
		},
		{
			"template": "Conditional",
			"allowAuthenticated": true,
			"allowAnonymous": false,
			"playerCurrencies": [
				"THB"
			],
			"content": [
				{
					"template": "json",
					"path": "sportsbook/carousel/carousel-data/msports-daily-rebate/content-usd/details-authenticated"
				},
				{
					"template": "json",
					"path": "sportsbook/carousel/carousel-data/sports-daily-rebate/content-usd/details-authenticated"
				}
			]
		},
		{
			"template": "Conditional",
			"allowAuthenticated": true,
			"allowAnonymous": false,
			"playerCurrencies": [
				"VND"
			],
			"content": [
				{
					"template": "json",
					"path": "sportsbook/carousel/carousel-data/msports-daily-rebate/content-usd/details-authenticated"
				},
				{
					"template": "json",
					"path": "sportsbook/carousel/carousel-data/sports-daily-rebate/content-usd/details-authenticated"
				}
			]
		},
		{
			"template": "Conditional",
			"allowAuthenticated": true,
			"allowAnonymous": false,
			"playerCurrencies": [
				"KRW"
			],
			"content": [
				{
					"template": "json",
					"path": "sportsbook/carousel/carousel-data/msports-daily-rebate/content-usd/details-authenticated"
				},
				{
					"template": "json",
					"path": "sportsbook/carousel/carousel-data/sports-daily-rebate/content-usd/details-authenticated"
				}
			]
		},
		{
			"template": "Conditional",
			"allowAuthenticated": true,
			"allowAnonymous": false,
			"playerCurrencies": [
				"USD"
			],
			"content": [
				{
					"template": "json",
					"path": "sportsbook/carousel/carousel-data/intro-bti-sports/content-usd/details-authenticated"
				},
				{
					"template": "json",
					"path": "sportsbook/carousel/carousel-data/msports-daily-rebate/content-usd/details-authenticated"
				},
				{
					"template": "json",
					"path": "sportsbook/carousel/carousel-data/sports-daily-rebate/content-usd/details-authenticated"
				}
			]
		}
	]
}
