{
    "template": "CarouselItem",
    "content": [
        {
            "template": "Block",
            "class": "new-tab pointer",
            "url": "/msports",
            "content": [
                {
                    "template": "Picture",
                    "content": [
                        {
                            "template": "Source",
                            "media": "(max-width: 767.5px)",
                            "srcSet": "/~/static/images/sportsbook/banners/mobile_chinesesuperleague_sportsbook.jpg 375w",
                            "sizes": "100vw"
                        },
                        {
                            "template": "Image",
                            "path": "/~/static/images/sportsbook/banners/chinesesuperleague_sportsbook.jpg",
                            "srcSet": "/~/static/images/sportsbook/banners/chinesesuperleague_sportsbook.jpg 1360w",
                            "sizes": "(max-width: 1360px) 100vw, 1360px"
                        }
                    ]
                },
                {
                    "template": "Element",
                    "type": "div",
                    "class": "carousel-item-content",
                    "content": [
                        {
                            "template": "Image",
                            "class": "carousel-icon",
                            "path": "/~/static/images/badge/chinese_super_league.svg"
                        },
                        {
                            "template": "Text",
                            "text": "最热门的中超赛事 <br> 尽在M88明陞体育!",
                            "class": "big bold from-tablet-up"
                        },
                        {
                            "template": "Text",
                            "text": "2022年6月3日至7月12日 (GMT+8)",
                            "class": "from-tablet-up"
                        },
                        {
                            "template": "Text",
                            "text": "最热门的中超赛事 <br> 尽在M88明陞体育!",
                            "class": "big bold up-to-tablet"
                        },
                        {
                            "template": "Text",
                            "text": "2022年6月3日至7月12日",
                            "class": "up-to-tablet"
                        },
                        {
                            "template": "ButtonTheme",
                            "class": "button button-primary track-events new-tab",
                            "url": "/msports",
                            "text": "立即游戏",
                            "trackingName": "Click - Play Now - CHINESE SUPER LEAGUE - CN"
                        }
                    ]
                }
            ]        
        }
    ]
}