{
    "template": "CarouselItem",
    "content": [
        {
            "template": "Block",
            "class": "new-tab pointer require-authentication",
            "url": "/msports",
            "content": [
                {
                    "template": "Picture",
                    "content": [
                        {
                            "template": "Source",
                            "media": "(max-width: 767.5px)",
                            "srcSet": "/~/static/images/sportsbook/banners/mobile_tennis-hamburg-european.jpg 375w",
                            "sizes": "100vw"
                        },
                        {
                            "template": "Image",
                            "path": "/~/static/images/sportsbook/banners/tennis-hamburg-european.jpg",
                            "srcSet": "/~/static/images/sportsbook/banners/tennis-hamburg-european.jpg 1360w",
                            "sizes": "(max-width: 1360px) 100vw, 1360px"
                        }
                    ]
                },
                {
                    "template": "Element",
                    "type": "div",
                    "class": "carousel-item-content",
                    "content": [
                        {
                            "template": "Image",
                            "class": "carousel-icon",
                            "path": "/~/static/images/badge/hamburg-european-open-2022.svg"
                        },
                        {
                            "template": "Text",
                            "text": "CƯỢC CỔ VŨ <br> GIẢI QUẦN VỢT CHÂU ÂU",
                            "class": "big bold from-tablet-up"
                        },
                        {
                            "template": "Text",
                            "text": "16-24/07/2022",
                            "class": "from-tablet-up"
                        },
                        {
                            "template": "Text",
                            "text": "CƯỢC CỔ VŨ",
                            "class": "big bold up-to-tablet"
                        },
                        {
                            "template": "Text",
                            "text": "GIẢI QUẦN VỢT CHÂU ÂU <br> 16-24/07/2022",
                            "class": "up-to-tablet"
                        },
                        {
                            "template": "ButtonTheme",
                            "class": "button button-primary track-events new-tab require-authentication",
                            "url": "/msports",
                            "text": "CƯỢC",
                            "trackingName": "Click - Play Now - INTRO TENNIS HAMBURG EUROPEAN - VN"
                        }
                    ]
                }
            ]
        }
    ]
}