{
    "template": "CarouselItem",
    "content": [
        {
            "template": "Block",
            "class": "pointer",
            "url": "/register",
            "content": [
                {
                    "template": "Picture",
                    "content": [
                        {
                            "template": "Source",
                            "media": "(max-width: 767.5px)",
                            "srcSet": "/~/static/images/sportsbook/banners/mobile_cashbackexclusivewimbledon2022_sportsbook.jpg 375w",
                            "sizes": "100vw"
                        },
                        {
                            "template": "Image",
                            "path": "/~/static/images/sportsbook/banners/cashbackexclusivewimbledon2022_sportsbook.jpg",
                            "srcSet": "/~/static/images/sportsbook/banners/cashbackexclusivewimbledon2022_sportsbook.jpg 1360w",
                            "sizes": "(max-width: 1360px) 100vw, 1360px"
                        }
                    ]
                },
                {
                    "template": "Element",
                    "type": "div",
                    "class": "carousel-item-content",
                    "content": [
                        {
                            "template": "Image",
                            "class": "carousel-icon",
                            "path": "/~/static/images/badge/weeklyoffer_20cashback_EN.svg"
                        },
                        {
                            "template": "Text",
                            "text": "윔블던 독점",
                            "class": "big bold from-tablet-up"
                        },
                        {
                            "template": "Text",
                            "text": "최대 KRW 550,000 캐시백",
                            "class": "from-tablet-up"
                        },
                        {
                            "template": "Text",
                            "text": "윔블던 독점",
                            "class": "big bold up-to-tablet"
                        },
                        {
                            "template": "Text",
                            "text": "최대 KRW 550,000 캐시백",
                            "class": "up-to-tablet"
                        },
                        {
                            "template": "ButtonTheme",
                            "class": "button button-primary track-events",
                            "url": "/register",
                            "text": "회원 가입",
                            "trackingName": "Click - Join Now - 20% CASHBACK EXCLUSIVE WIMBLEDON 2022 - KR"
                        }
                    ]
                }
            ]
        }
    ]
}