{
    "template": "CarouselItem",
    "content": [
        {
            "template": "Block",
            "class": "pointer",
            "url": "/register",
            "content": [
                {
                    "template": "Picture",
                    "content": [
                        {
                            "template": "Source",
                            "media": "(max-width: 767.5px)",
                            "srcSet": "/~/static/images/sportsbook/banners/mobile_intro-summer-league.jpg 375w",
                            "sizes": "100vw"
                        },
                        {
                            "template": "Image",
                            "path": "/~/static/images/sportsbook/banners/intro-summer-league.jpg",
                            "srcSet": "/~/static/images/sportsbook/banners/intro-summer-league.jpg 1360w",
                            "sizes": "(max-width: 1360px) 100vw, 1360px"
                        }
                    ]
                },
                {
                    "template": "Element",
                    "type": "div",
                    "class": "carousel-item-content",
                    "content": [
                        {
                            "template": "Image",
                            "class": "carousel-icon",
                            "path": "/~/static/images/badge/nba-summer-league.svg"
                        },
                        {
                            "template": "Text",
                            "text": "CUỒNG NHIỆT NBA <br> CƯỢC ĐỘI BẠN YÊU THÍCH",
                            "class": "big bold from-tablet-up"
                        },
                        {
                            "template": "Text",
                            "text": "07-17/07/2022",
                            "class": "from-tablet-up"
                        },
                        {
                            "template": "Text",
                            "text": "CUỒNG NHIỆT NBA",
                            "class": "big bold up-to-tablet"
                        },
                        {
                            "template": "Text",
                            "text": "07-17/07/2022",
                            "class": "up-to-tablet"
                        },
                        {
                            "template": "ButtonTheme",
                            "class": "button button-primary track-events",
                            "url": "/register",
                            "text": "ĐĂNG KÝ",
                            "trackingName": "Click - Join Now - NBA SUMMER LEAGUE - VN"
                        }
                    ]
                }
            ]
        }
    ]
}