{
    "template": "CarouselItem",
    "content": [
        {
            "template": "Block",
            "class": "pointer",
            "url": "/register",
            "content": [
                {
                    "template": "Picture",
                    "content": [
                        {
                            "template": "Source",
                            "media": "(max-width: 767.5px)",
                            "srcSet": "/~/static/images/sportsbook/banners/mobile_man-united-vs-atletico-madrid_TH.jpg 375w",
                            "sizes": "100vw"
                        },
                        {
                            "template": "Image",
                            "path": "/~/static/images/sportsbook/banners/man-united-vs-atletico-madrid_TH.jpg",
                            "srcSet": "/~/static/images/sportsbook/banners/man-united-vs-atletico-madrid_TH.jpg 1360w",
                            "sizes": "(max-width: 1360px) 100vw, 1360px"
                        }
                    ]
                },
                {
                    "template": "Element",
                    "type": "div",
                    "class": "carousel-item-content",
                    "content": [
                        {
                            "template": "Text",
                            "text": "แมทช์สุดร้อนแรง <br> เดิมพันเพื่อเป็นโปร",
                            "class": "big bold from-tablet-up"
                        },
                        {
                            "template": "Text",
                            "text": "30 ก.ค 2022 @ 19:45 (GMT +8)",
                            "class": "from-tablet-up"
                        },
                        {
                            "template": "Text",
                            "text": "แมทช์สุดร้อนแรง <br> เดิมพันเพื่อชัยชนะ",
                            "class": "big bold up-to-tablet"
                        },
                        {
                            "template": "Text",
                            "text": "30 ก.ค 2022 @  19:45 (GMT+8)",
                            "class": "up-to-tablet"
                        },
                        {
                            "template": "ButtonTheme",
                            "class": "button button-primary track-events",
                            "url": "/register",
                            "text": "เข้าร่วมเดี๋ยวนี้",
                            "trackingName": "Click - Join Now - INTRO MATCH MAN UNITED VS ATLETICO MADRID - TH"
                        }
                    ]
                }
            ]
        }
    ]
}