{
    "template": "CarouselItem",
    "content": [
        {
            "template": "Block",
            "class": "pointer",
            "url": "/promotions?id=3081",
            "content": [
                {
                    "template": "Picture",
                    "content": [
                        {
                            "template": "Source",
                            "media": "(max-width: 767.5px)",
                            "srcSet": "/~/static/images/sportsbook/banners/mobile_sportsoffseason10cashback_IN.jpg 375w",
                            "sizes": "100vw"
                        },
                        {
                            "template": "Image",
                            "path": "/~/static/images/sportsbook/banners/sportsoffseason10cashback_IN.jpg",
                            "srcSet": "/~/static/images/sportsbook/banners/sportsoffseason10cashback_IN.jpg 1360w",
                            "sizes": "(max-width: 1360px) 100vw, 1360px"
                        }
                    ]
                },
                {
                    "template": "Element",
                    "type": "div",
                    "class": "carousel-item-content",
                    "content": [
                        {
                            "template": "Image",
                            "class": "carousel-icon",
                            "path": "/~/static/images/badge/sportsbook_10cashback_EN.svg"
                        },
                        {
                            "template": "Text",
                            "text": "GET UP TO ₹ 30,000",
                            "class": "big bold from-tablet-up"
                        },
                        {
                            "template": "Text",
                            "text": "FROM YOUR SPORTS BETS",
                            "class": "from-tablet-up"
                        },
                        {
                            "template": "Text",
                            "text": "GET UP TO <br> ₹ 30,000",
                            "class": "big bold up-to-tablet"
                        },
                        {
                            "template": "Text",
                            "text": "FROM YOUR SPORTS BETS",
                            "class": "up-to-tablet"
                        },
                        {
                            "template": "ButtonTheme",
                            "class": "button button-primary track-events",
                            "url": "/promotions?id=3081",
                            "text": "MORE INFO",
                            "trackingName": "Click - More Info - SPORTS OFF SEASON 10% CASHBACK - EN-INR"
                        }
                    ]
                }
            ]        
        }
    ]
}