{
    "template": "CarouselItem",
    "content": [
        {
            "template": "Block",
            "class": "pointer",
            "url": "/register",
            "content": [
                {
                    "template": "Picture",
                    "content": [
                        {
                            "template": "Source",
                            "media": "(max-width: 767.5px)",
                            "srcSet": "/~/static/images/sportsbook/banners/mobile_introsportbook_EN.jpg 375w",
                            "sizes": "100vw"
                        },
                        {
                            "template": "Image",
                            "path": "/~/static/images/sportsbook/banners/introsportbook_EN.jpg",
                            "srcSet": "/~/static/images/sportsbook/banners/introsportbook_EN.jpg 1360w",
                            "sizes": "(max-width: 1360px) 100vw, 1360px"
                        }
                    ]
                },
                {
                    "template": "Element",
                    "type": "div",
                    "class": "carousel-item-content",
                    "content": [
                        {
                            "template": "Text",
                            "text": "お気に入りのスポーツで",
                            "class": "big bold"
                        },
                        {
                            "template": "Text",
                            "text": "一緒に遊んで",
                            "class": "big bold"
                        },
                        {
                            "template": "Text",
                            "text": "毎日お得な情報をゲットしよう",
                            "class": "big bold"
                        },
                        {
                            "template": "ButtonTheme",
                            "class": "button button-primary track-events",
                            "url": "/register",
                            "text": "今すぐ参加",
                            "trackingName": "Click - Join Now - SPORTSBOOK INTRO BANNER - JP"
                        }
                    ]
                }
            ]
        }
    ]
}