{
    "template": "CarouselItem",
    "content": [
        {
            "template": "Block",
            "class": "new-tab pointer",
            "url": "/msports",
            "content": [
                {
                    "template": "Picture",
                    "content": [
                        {
                            "template": "Source",
                            "media": "(max-width: 767.5px)",
                            "srcSet": "/~/static/images/sportsbook/banners/mobile_f1-intro-rolex-grosser-preis_IN.jpg 375w",
                            "sizes": "100vw"
                        },
                        {
                            "template": "Image",
                            "path": "/~/static/images/sportsbook/banners/f1-intro-rolex-grosser-preis_IN.jpg",
                            "srcSet": "/~/static/images/sportsbook/banners/f1-intro-rolex-grosser-preis_IN.jpg 1360w",
                            "sizes": "(max-width: 1360px) 100vw, 1360px"
                        }
                    ]
                },
                {
                    "template": "Element",
                    "type": "div",
                    "class": "carousel-item-content",
                    "content": [
                        {
                            "template": "Image",
                            "class": "carousel-icon",
                            "path": "/~/static/images/badge/f1-intro-rolex-grosser-preis.svg"
                        },
                        {
                            "template": "Text",
                            "text": "FORMULA 1 IS ON! <br> PLACE YOUR BETS FAST",
                            "class": "big bold from-tablet-up"
                        },
                        {
                            "template": "Text",
                            "text": "08-10 JULY 2022",
                            "class": "from-tablet-up"
                        },
                        {
                            "template": "Text",
                            "text": "F1 IS ON! <br> BET FAST",
                            "class": "big bold up-to-tablet"
                        },
                        {
                            "template": "Text",
                            "text": "08-10 JULY 2022",
                            "class": "up-to-tablet"
                        },
                        {
                            "template": "ButtonTheme",
                            "class": "button button-primary track-events new-tab",
                            "url": "/msports",
                            "text": "PLAY NOW",
                            "trackingName": "Click - Play Now - F1 INTRO ROLEX GROSSER PREIS - EN-INR"
                        }
                    ]
                }
            ]
        }
    ]
}