{
    "template": "CarouselItem",
    "content": [
        {
            "template": "Block",
            "class": "pointer",
            "url": "/register",
            "content": [
                {
                    "template": "Picture",
                    "content": [
                        {
                            "template": "Source",
                            "media": "(max-width: 767.5px)",
                            "srcSet": "/~/static/images/sportsbook/banners/mobile_tottenham-vs-sevilla_CN.jpg 375w",
                            "sizes": "100vw"
                        },
                        {
                            "template": "Image",
                            "path": "/~/static/images/sportsbook/banners/tottenham-vs-sevilla_CN.jpg",
                            "srcSet": "/~/static/images/sportsbook/banners/tottenham-vs-sevilla_CN.jpg 1360w",
                            "sizes": "(max-width: 1360px) 100vw, 1360px"
                        }
                    ]
                },
                {
                    "template": "Element",
                    "type": "div",
                    "class": "carousel-item-content",
                    "content": [
                        {
                            "template": "Text",
                            "text": "韩国巡演持续 <br> 本周超精彩对决 <br> 立即投注支持您的球队",
                            "class": "big bold from-tablet-up"
                        },
                        {
                            "template": "Text",
                            "text": "2022年7月16日下午7:00(GMT+8)",
                            "class": "from-tablet-up"
                        },
                        {
                            "template": "Text",
                            "text": "韩国巡演持续 <br> 本周超精彩对决",
                            "class": "big bold up-to-tablet"
                        },
                        {
                            "template": "Text",
                            "text": "2022年7月16日下午7:00",
                            "class": "up-to-tablet"
                        },
                        {
                            "template": "ButtonTheme",
                            "class": "button button-primary track-events",
                            "url": "/register",
                            "text": "立即加入",
                            "trackingName": "Click - Join Now - INTRO TOTTENHAM VS SEVILLA - MYR-CN"
                        }
                    ]
                }
            ]
        }
    ]
}