{
    "template": "CarouselItem",
    "content": [
        {
            "template": "Block",
            "class": "pointer",
            "url": "/register",
            "content": [
                {
                    "template": "Picture",
                    "content": [
                        {
                            "template": "Source",
                            "media": "(max-width: 767.5px)",
                            "srcSet": "/~/static/images/sportsbook/banners/mobile_introsportbook_VN.jpg 375w",
                            "sizes": "100vw"
                        },
                        {
                            "template": "Image",
                            "path": "/~/static/images/sportsbook/banners/introsportbook_VN.jpg",
                            "srcSet": "/~/static/images/sportsbook/banners/introsportbook_VN.jpg 1360w",
                            "sizes": "(max-width: 1360px) 100vw, 1360px"
                        }
                    ]
                },
                {
                    "template": "Element",
                    "type": "div",
                    "class": "carousel-item-content",
                    "content": [
                        {
                            "template": "Text",
                            "text": "GIẢI TRÍ ĐỈNH CAO",
                            "class": "big bold from-tablet-up"
                        },
                        {
                            "template": "Text",
                            "text": "TẠI SABA & M THỂ THAO",
                            "class": "big bold from-tablet-up"
                        },
                        {
                            "template": "Text",
                            "text": "CƯỢC GIẢI TRÍ",
                            "class": "big bold up-to-tablet"
                        },
                        {
                            "template": "Text",
                            "text": "TẠI SABA & M THỂ THAO",
                            "class": "big bold up-to-tablet"
                        },
                        {
                            "template": "ButtonTheme",
                            "class": "button button-primary track-events",
                            "url": "/register",
                            "text": "ĐĂNG KÝ",
                            "trackingName": "Click - Join Now - SPORTSBOOK INTRO BANNER - VN"
                        }
                    ]
                }
            ]
        }
    ]
}