{
    "template": "CarouselItem",
    "content": [
        {
            "template": "Block",
            "class": "new-tab pointer require-authentication",
            "url": "/msports",
            "content": [
                {
                    "template": "Picture",
                    "content": [
                        {
                            "template": "Source",
                            "media": "(max-width: 767.5px)",
                            "srcSet": "/~/static/images/sportsbook/banners/mobile_man-united-vs-atletico-madrid_VN.jpg 375w",
                            "sizes": "100vw"
                        },
                        {
                            "template": "Image",
                            "path": "/~/static/images/sportsbook/banners/man-united-vs-atletico-madrid_VN.jpg",
                            "srcSet": "/~/static/images/sportsbook/banners/man-united-vs-atletico-madrid_VN.jpg 1360w",
                            "sizes": "(max-width: 1360px) 100vw, 1360px"
                        }
                    ]
                },
                {
                    "template": "Element",
                    "type": "div",
                    "class": "carousel-item-content",
                    "content": [
                        {
                            "template": "Text",
                            "text": "TRẬN KỊCH TÍNH! <br> TAY CƯỢC PRO <br> CỔ VŨ ĐỘI YÊU THÍCH",
                            "class": "big bold from-tablet-up"
                        },
                        {
                            "template": "Text",
                            "text": "30/07/2022 @ 19:45 (GMT+8)",
                            "class": "from-tablet-up"
                        },
                        {
                            "template": "Text",
                            "text": "TRẬN KỊCH TÍNH! <br> CỔ VŨ ĐỘI YÊU THÍCH",
                            "class": "big bold up-to-tablet"
                        },
                        {
                            "template": "Text",
                            "text": "30/07/2022 @ 19:45 (GMT+8)",
                            "class": "up-to-tablet"
                        },
                        {
                            "template": "ButtonTheme",
                            "class": "button button-primary track-events new-tab require-authentication",
                            "url": "/msports",
                            "text": "CƯỢC",
                            "trackingName": "Click - Play Now - INTRO MATCH MAN UNITED VS ATLETICO MADRID - VN"
                        }
                    ]
                }
            ]
        }
    ]
}