{
    "template": "CarouselItem",
    "content": [
        {
            "template": "Block",
            "class": "new-tab pointer require-authentication",
            "url": "/msports",
            "content": [
                {
                    "template": "Picture",
                    "content": [
                        {
                            "template": "Source",
                            "media": "(max-width: 767.5px)",
                            "srcSet": "/~/static/images/sportsbook/banners/mobile_f1-lenovo-grand-prix-de-france-2022_TH.jpg 375w",
                            "sizes": "100vw"
                        },
                        {
                            "template": "Image",
                            "path": "/~/static/images/sportsbook/banners/f1-lenovo-grand-prix-de-france-2022_TH.jpg",
                            "srcSet": "/~/static/images/sportsbook/banners/f1-lenovo-grand-prix-de-france-2022_TH.jpg 1360w",
                            "sizes": "(max-width: 1360px) 100vw, 1360px"
                        }
                    ]
                },
                {
                    "template": "Element",
                    "type": "div",
                    "class": "carousel-item-content",
                    "content": [
                        {
                            "template": "Image",
                            "class": "carousel-icon",
                            "path": "/~/static/images/badge/f1-lenovo-grand-prix-de-france-2022.svg"
                        },
                        {
                            "template": "Text",
                            "text": "เชียร์ทีมโปรดของคุณ <br> ใน F1 ฟรานกรังด์ปรีซ์",
                            "class": "big bold from-tablet-up"
                        },
                        {
                            "template": "Text",
                            "text": "22-24 กรกฎาคม 2022",
                            "class": "from-tablet-up"
                        },
                        {
                            "template": "Text",
                            "text": "เชียร์ทีมโปรดใน <br> F1 ฟรานกรังด์ปรีซ์",
                            "class": "big bold up-to-tablet"
                        },
                        {
                            "template": "Text",
                            "text": "22 - 24 กรกฏาคม 2565",
                            "class": "up-to-tablet"
                        },
                        {
                            "template": "ButtonTheme",
                            "class": "button button-primary track-events new-tab require-authentication",
                            "url": "/msports",
                            "text": "เล่นตอนนี้",
                            "trackingName": "Click - Play Now - INTRO F1 LENOVO GRAND PRIX DE FRANCE 2022 - TH"
                        }
                    ]
                }
            ]
        }
    ]
}