{
    "template": "CarouselItem",
    "content": [
        {
            "template": "Block",
            "class": "new-tab pointer require-authentication",
            "url": "/msports",
            "content": [
                {
                    "template": "Picture",
                    "content": [
                        {
                            "template": "Source",
                            "media": "(max-width: 767.5px)",
                            "srcSet": "/~/static/images/sportsbook/banners/mobile_psg-vs-kawasaki-frontale_KR.jpg 375w",
                            "sizes": "100vw"
                        },
                        {
                            "template": "Image",
                            "path": "/~/static/images/sportsbook/banners/psg-vs-kawasaki-frontale_KR.jpg",
                            "srcSet": "/~/static/images/sportsbook/banners/psg-vs-kawasaki-frontale_KR.jpg 1360w",
                            "sizes": "(max-width: 1360px) 100vw, 1360px"
                        }
                    ]
                },
                {
                    "template": "Element",
                    "type": "div",
                    "class": "carousel-item-content",
                    "content": [
                        {
                            "template": "Text",
                            "text": "프리 시즌 경기 <br> 당신의 팀을 위한 베팅!",
                            "class": "big bold from-tablet-up"
                        },
                        {
                            "template": "Text",
                            "text": "2022년 7월 20일 19:30 (한국시간)",
                            "class": "from-tablet-up"
                        },
                        {
                            "template": "Text",
                            "text": "당신의 팀에 <br> 베팅 하세요",
                            "class": "big bold up-to-tablet"
                        },
                        {
                            "template": "Text",
                            "text": "2022년 7월20일 19:30(GMT+9)",
                            "class": "up-to-tablet"
                        },
                        {
                            "template": "ButtonTheme",
                            "class": "button button-primary track-events new-tab require-authentication",
                            "url": "/msports",
                            "text": "게임하기",
                            "trackingName": "Click - Play Now - PSG VS KAWASAKI FRONTALE - KR"
                        }
                    ]
                }
            ]
        }
    ]
}