{
    "template": "CarouselItem",
    "content": [
        {
            "template": "Block",
            "class": "new-tab pointer require-authentication",
            "url": "/msports",
            "content": [
                {
                    "template": "Picture",
                    "content": [
                        {
                            "template": "Source",
                            "media": "(max-width: 767.5px)",
                            "srcSet": "/~/static/images/sportsbook/banners/mobile_f1-aramco-magyar-nagydij-2022.jpg 375w",
                            "sizes": "100vw"
                        },
                        {
                            "template": "Image",
                            "path": "/~/static/images/sportsbook/banners/f1-aramco-magyar-nagydij-2022.jpg",
                            "srcSet": "/~/static/images/sportsbook/banners/f1-aramco-magyar-nagydij-2022.jpg 1360w",
                            "sizes": "(max-width: 1360px) 100vw, 1360px"
                        }
                    ]
                },
                {
                    "template": "Element",
                    "type": "div",
                    "class": "carousel-item-content",
                    "content": [
                        {
                            "template": "Image",
                            "class": "carousel-icon",
                            "path": "/~/static/images/badge/f1-aramco-magyar-nagydij-2022.svg"
                        },
                        {
                            "template": "Text",
                            "text": "F1 IS BACK IN HUNGARY <br> GET YOUR BETS READY",
                            "class": "big bold from-tablet-up"
                        },
                        {
                            "template": "Text",
                            "text": "29-31 JULY 2022",
                            "class": "from-tablet-up"
                        },
                        {
                            "template": "Text",
                            "text": "F1 IS IN HUNGARY <br> BET FAST",
                            "class": "big bold up-to-tablet"
                        },
                        {
                            "template": "Text",
                            "text": "29-31 JULY 2022",
                            "class": "up-to-tablet"
                        },
                        {
                            "template": "ButtonTheme",
                            "class": "button button-primary track-events new-tab require-authentication",
                            "url": "/msports",
                            "text": "PLAY NOW",
                            "trackingName": "Click - Play Now - INTRO F1 - ARAMCO MAGYAR NAGYDÍJ 2022 - EN-VN"
                        }
                    ]
                }
            ]
        }
    ]
}