{
    "template": "CarouselItem",
    "content": [
        {
            "template": "Block",
            "class": "pointer",
            "url": "/promotions?id=3049",
            "content": [
                {
                    "template": "Picture",
                    "content": [
                        {
                            "template": "Source",
                            "media": "(max-width: 767.5px)",
                            "srcSet": "/~/static/images/sportsbook/banners/mobile_sportsoffseason10cashback_TH.jpg 375w",
                            "sizes": "100vw"
                        },
                        {
                            "template": "Image",
                            "path": "/~/static/images/sportsbook/banners/sportsoffseason10cashback_TH.jpg",
                            "srcSet": "/~/static/images/sportsbook/banners/sportsoffseason10cashback_TH.jpg 1360w",
                            "sizes": "(max-width: 1360px) 100vw, 1360px"
                        }
                    ]
                },
                {
                    "template": "Element",
                    "type": "div",
                    "class": "carousel-item-content",
                    "content": [
                        {
                            "template": "Image",
                            "class": "carousel-icon",
                            "path": "/~/static/images/badge/sportsbook_10cashback_TH.svg"
                        },
                        {
                            "template": "Text",
                            "text": "โบนัสถึง 17,000 บาท",
                            "class": "big bold from-tablet-up"
                        },
                        {
                            "template": "Text",
                            "text": "แจกจุใจ แค่เดิมพันในกีฬา",
                            "class": "from-tablet-up"
                        },
                        {
                            "template": "Text",
                            "text": "โบนัสถึง <br> 17,000 บาท",
                            "class": "big bold up-to-tablet"
                        },
                        {
                            "template": "Text",
                            "text": "แจกจุใจ แค่เดิมพันในกีฬา",
                            "class": "up-to-tablet"
                        },
                        {
                            "template": "ButtonTheme",
                            "class": "button button-primary track-events",
                            "url": "/promotions?id=3049",
                            "text": "รายละเอียดเพิ่มเติม",
                            "trackingName": "Click - More Info - SPORTS OFF SEASON 10% CASHBACK - TH"
                        }
                    ]
                }
            ]        
        }
    ]
}