{
    "template": "CarouselItem",
    "content": [
        {
            "template": "Block",
            "class": "new-tab pointer require-authentication",
            "url": "/msports",
            "content": [
                {
                    "template": "Picture",
                    "content": [
                        {
                            "template": "Source",
                            "media": "(max-width: 767.5px)",
                            "srcSet": "/~/static/images/sportsbook/banners/mobile_barcelonavsrealmadrid_KR.jpg 375w",
                            "sizes": "100vw"
                        },
                        {
                            "template": "Image",
                            "path": "/~/static/images/sportsbook/banners/barcelonavsrealmadrid_KR.jpg",
                            "srcSet": "/~/static/images/sportsbook/banners/barcelonavsrealmadrid_KR.jpg 1360w",
                            "sizes": "(max-width: 1360px) 100vw, 1360px"
                        }
                    ]
                },
                {
                    "template": "Element",
                    "type": "div",
                    "class": "carousel-item-content",
                    "content": [
                        {
                            "template": "Image",
                            "class": "carousel-icon",
                            "path": "/~/static/images/badge/laliga.svg"
                        },
                        {
                            "template": "Text",
                            "text": "엘 클라시코! <br> 당신의 팀을 응원하세요",
                            "class": "big bold from-tablet-up"
                        },
                        {
                            "template": "Text",
                            "text": "2022년 7월 24일 12:00 (한국시간)",
                            "class": "from-tablet-up"
                        },
                        {
                            "template": "Text",
                            "text": "친선 경기 <br> 게임에 참여하세요",
                            "class": "big bold up-to-tablet"
                        },
                        {
                            "template": "Text",
                            "text": "2022년 7월 24일 12:00 (한국시간)",
                            "class": "up-to-tablet"
                        },
                        {
                            "template": "ButtonTheme",
                            "class": "button button-primary track-events new-tab require-authentication",
                            "url": "/msports",
                            "text": "게임하기",
                            "trackingName": "Click - Play Now - INTRO BARCELONA VS REAL MADRID - KR"
                        }
                    ]
                }
            ]
        }
    ]
}