{
    "template": "CarouselItem",
    "content": [
        {
            "template": "Block",
            "class": "pointer",
            "url": "/register",
            "content": [
                {
                    "template": "Picture",
                    "content": [
                        {
                            "template": "Source",
                            "media": "(max-width: 767.5px)",
                            "srcSet": "/~/static/images/sportsbook/banners/mobile_intro_bangkokcenturycup2022_IN.jpg 375w",
                            "sizes": "100vw"
                        },
                        {
                            "template": "Image",
                            "path": "/~/static/images/sportsbook/banners/intro_bangkokcenturycup2022_IN.jpg",
                            "srcSet": "/~/static/images/sportsbook/banners/intro_bangkokcenturycup2022_IN.jpg 1360w",
                            "sizes": "(max-width: 1360px) 100vw, 1360px"
                        }
                    ]
                },
                {
                    "template": "Element",
                    "type": "div",
                    "class": "carousel-item-content",
                    "content": [
                        {
                            "template": "Text",
                            "text": "BANGKOK CENTURY CUP",
                            "class": "big bold from-tablet-up"
                        },
                        {
                            "template": "Text",
                            "text": "JULY, 12 2022",
                            "class": "big bold from-tablet-up"
                        },
                        {
                            "template": "Text",
                            "text": "BANGKOK<br>CENTURY CUP",
                            "class": "big bold up-to-tablet"
                        },
                        {
                            "template": "Text",
                            "text": "JULY, 12 2022",
                            "class": "big bold up-to-tablet"
                        },
                        {
                            "template": "ButtonTheme",
                            "class": "button button-primary track-events",
                            "url": "/register",
                            "text": "JOIN NOW",
                            "trackingName": "Click - Join Now - BANGKOK CENTURY CUP 2022 - EN-INR"
                        }
                    ]
                }
            ]
        }
    ]
}